task_idx,bin_start_utc,bin_end_utc,x_Delta,x_Theta,x_Alpha,x_Beta,x_Gamma,theta_h,radius,dtheta,d2theta,kappa_torus,dr,d2r,kappa_geom
0,2026-01-02 02:34:38.941500+00:00,2026-01-02 02:34:39.191500+00:00,54.26978586160254,3.6575508419693987,73.29609950598831,29.80401935393656,4.015796348500225,-2.790338497410202,1.553849964390176,,,,,,
0,2026-01-02 02:34:39.066500+00:00,2026-01-02 02:34:39.316500+00:00,63.06186749348484,5.276424844940204,141.66784866429776,29.886047497818684,4.333904961982115,3.015336870096007,2.5980624560235595,-0.4775099396733771,,,1.0442124916333835,,
0,2026-01-02 02:34:39.191500+00:00,2026-01-02 02:34:39.441500+00:00,82.3766181169043,6.765610973136663,172.45421478671238,30.9079994746095,3.2325613073401627,2.871766357781327,3.2758114278514814,-0.14357051231468,0.33393942735869714,0.33393942735869714,0.6777489718279219,-0.36646351980546155,0.36646351980546155
0,2026-01-02 02:34:39.316500+00:00,2026-01-02 02:34:39.566500+00:00,155.79759954105634,4.586554486016025,131.3178201867496,27.742964390795336,2.0177557139120808,2.8573367177758957,2.199400391159767,-0.014429640005431121,0.12914087230924887,0.12914087230924887,-1.0764110366917143,-1.7541600085196363,1.7541600085196363
0,2026-01-02 02:34:39.441500+00:00,2026-01-02 02:34:39.691500+00:00,176.5086338836764,1.859179950214953,77.70030947057512,25.865896248231795,1.4214871239905114,3.1142453412331594,1.0649180396220488,0.25690862345726373,0.27133826346269485,0.27133826346269485,-1.1344823515377183,-0.05807131484600392,0.05807131484600392
0,2026-01-02 02:34:39.566500+00:00,2026-01-02 02:34:39.816500+00:00,99.79362144576888,2.905084799815609,67.68104978421952,29.62566486614358,2.6167144712024593,-2.8280356058314666,1.366469227505292,0.34090436011496045,0.08399573665769672,0.08399573665769672,0.3015511878832433,1.4360335394209616,1.4360335394209616
0,2026-01-02 02:34:39.691500+00:00,2026-01-02 02:34:39.941500+00:00,42.2758956821051,7.146977565957002,98.70600347300487,24.719114782988022,3.869667257841866,3.0156771939029796,1.5456832962421443,-0.43947250744514066,-0.780376867560101,0.780376867560101,0.1792140687368522,-0.12233711914639112,0.12233711914639112
0,2026-01-02 02:34:39.816500+00:00,2026-01-02 02:34:40.066500+00:00,36.303153822911156,13.350583109541844,105.34443791566596,19.971624826825693,3.068165974351733,2.5494046463911744,1.556101547151599,-0.46627254751180525,-0.026800040066664588,0.026800040066664588,0.010418250909454807,-0.1687958178273974,0.1687958178273974
0,2026-01-02 02:34:39.941500+00:00,2026-01-02 02:34:40.191500+00:00,60.769463490895475,21.587687376650397,63.159497335695605,33.57007341518643,2.6150239698251037,3.125372392376732,1.3798160745075496,0.5759677459855577,1.042240293497363,1.042240293497363,-0.17628547264404948,-0.18670372355350429,0.18670372355350429
0,2026-01-02 02:34:40.066500+00:00,2026-01-02 02:34:40.316500+00:00,85.85276511279788,24.00021733796857,42.27938157337336,45.91209032663851,3.052196665608405,-2.698176121683223,1.9620079377715165,0.4596367931196313,-0.11633095286592637,0.11633095286592637,0.5821918632639669,0.7584773359080164,0.7584773359080164
0,2026-01-02 02:34:40.191500+00:00,2026-01-02 02:34:40.441500+00:00,80.14087222163609,13.706689086073794,64.0956565539057,41.45065822464366,2.9377055468178215,-2.7961820497968213,2.1027245209512473,-0.0980059281135981,-0.5576427212332293,0.5576427212332293,0.1407165831797308,-0.4414752800842361,0.4414752800842361
0,2026-01-02 02:34:40.316500+00:00,2026-01-02 02:34:40.566500+00:00,128.50403326815206,3.56909599431968,78.10566165905783,39.46427626147102,2.7143311169930335,-2.780945009993884,2.2228266923724505,0.015237039802937336,0.11324296791653544,0.11324296791653544,0.12010217142120316,-0.02061441175852763,0.02061441175852763
0,2026-01-02 02:34:40.441500+00:00,2026-01-02 02:34:40.691500+00:00,308.45272627078515,3.479946761746282,64.50628088135427,48.9727254850349,3.0250500928954844,-2.503678920544119,2.499608608063735,0.27726608944976494,0.26202904964682766,0.26202904964682766,0.27678191569128474,0.15667974427008158,0.15667974427008158
0,2026-01-02 02:34:40.566500+00:00,2026-01-02 02:34:40.816500+00:00,498.72279707814823,9.898338227167685,42.27687094490933,48.19495470263316,4.284007652085805,-2.071315525655827,1.8993377137562082,0.4323633948882919,0.15509730543852696,0.15509730543852696,-0.600270894307527,-0.8770528099988117,0.8770528099988117
0,2026-01-02 02:34:40.691500+00:00,2026-01-02 02:34:40.941500+00:00,568.2836897676086,17.776648881115428,26.337569452518924,36.08722682214425,5.7981786455482585,-1.1146141177311923,1.3010785229288362,0.9567014079246348,0.5243380130363429,0.5243380130363429,-0.598259190827372,0.0020117034801550027,0.0020117034801550027
1,2026-01-02 02:34:46.283000+00:00,2026-01-02 02:34:46.533000+00:00,104.46886169438409,17.232346076690185,110.36144429810656,28.66111649808152,3.0142055083618904,2.792272635606136,1.869737209011602,-2.3762985538422585,2.9501853454126934,2.9501853454126934,0.5686586860827658,1.1669178769101378,1.1669178769101378
1,2026-01-02 02:34:46.408000+00:00,2026-01-02 02:34:46.658000+00:00,155.34970796443775,11.200815570334616,41.05043042357237,22.180102577634404,7.468974486374252,-1.3601176816224236,0.7788287944551203,2.130794989951027,-1.7760917633863011,1.7760917633863011,-1.0909084145564818,-1.6595671006392476,1.6595671006392476
1,2026-01-02 02:34:46.533000+00:00,2026-01-02 02:34:46.783000+00:00,162.72640870549495,21.644228888346145,12.806891812032656,22.332622210842437,12.397293220050196,-0.9570243451011035,1.7627203146360482,0.4030933365213202,-1.7277016534297065,1.7277016534297065,0.9838915201809278,2.0747999347374098,2.0747999347374098
1,2026-01-02 02:34:46.658000+00:00,2026-01-02 02:34:46.908000+00:00,136.76460951379494,24.808676335026735,9.12932008736213,18.024885343194246,7.5389316956485,-0.3781917129127294,1.2059792661705722,0.5788326321883741,0.17573929566705393,0.17573929566705393,-0.556741048465476,-1.5406325686464037,1.5406325686464037
1,2026-01-02 02:34:46.783000+00:00,2026-01-02 02:34:47.033000+00:00,106.65359632877554,20.158464336946967,8.885589178973689,16.169695299287426,1.9644223802672138,0.31418700890661183,0.8982194428092002,0.6923787218193412,0.11354608963096713,0.11354608963096713,-0.307759823361372,0.24898122510410403,0.24898122510410403
1,2026-01-02 02:34:46.908000+00:00,2026-01-02 02:34:47.158000+00:00,84.08738117411737,20.858863208637555,23.223977204933533,20.560881002835135,1.9019961330723898,0.8322714746861928,0.3606466458906333,0.5180844657795809,-0.17429425603976034,0.17429425603976034,-0.5375727969185669,-0.22981297355719488,0.22981297355719488
1,2026-01-02 02:34:47.033000+00:00,2026-01-02 02:34:47.283000+00:00,67.62040810930908,22.306046131063418,49.1183262229743,23.296393899284173,2.4813886769574554,2.3246882897410552,0.5756511129523011,1.4924168150548625,0.9743323492752816,0.9743323492752816,0.21500446706166781,0.7525772639802346,0.7525772639802346
1,2026-01-02 02:34:47.158000+00:00,2026-01-02 02:34:47.408000+00:00,97.02951093564432,26.11946963712706,57.98858169582624,24.698055663421258,2.3168870950906073,2.269178407543384,0.8165408687750355,-0.05550988219767117,-1.5479266972525336,1.5479266972525336,0.24088975582273442,0.025885288761066605,0.025885288761066605
1,2026-01-02 02:34:47.283000+00:00,2026-01-02 02:34:47.533000+00:00,212.15624581238478,26.244201417948148,44.460842611192824,23.742677145866796,1.8972468798234763,1.4443575175188295,0.5757935784968765,-0.8248208900245546,-0.7693110078268834,0.7693110078268834,-0.240747290278159,-0.4816370461008934,0.4816370461008934
1,2026-01-02 02:34:47.408000+00:00,2026-01-02 02:34:47.658000+00:00,318.0635823392917,15.423148270275927,26.559308671912444,21.49972217792376,3.844373923422812,-0.2778095504492937,0.8194818044411957,-1.7221670679681231,-0.8973461779435685,0.8973461779435685,0.24368822594431916,0.48443551622247816,0.48443551622247816
1,2026-01-02 02:34:47.533000+00:00,2026-01-02 02:34:47.783000+00:00,294.3837571878356,6.59550209223657,11.102938058540309,28.474443474063886,7.527647115906067,-1.24046479998943,1.7316444099845172,-0.9626552495401364,0.7595118184279869,0.7595118184279869,0.9121626055433215,0.6684743795990024,0.6684743795990024
1,2026-01-02 02:34:47.658000+00:00,2026-01-02 02:34:47.908000+00:00,183.14445456957029,3.6273832601085974,4.785933778326526,36.63096695398225,6.988810174564132,-1.695712038340563,2.184737395030056,-0.455247238351133,0.5074080111890034,0.5074080111890034,0.45309298504553874,-0.45906962049778277,0.45906962049778277
1,2026-01-02 02:34:47.783000+00:00,2026-01-02 02:34:48.033000+00:00,117.29553214119596,3.034239118336261,21.60377778179356,28.764321682578053,3.6985905729968787,-1.8774739764410793,1.156474300388447,-0.18176193810051622,0.2734853002506168,0.2734853002506168,-1.028263094641609,-1.4813560796871477,1.4813560796871477
1,2026-01-02 02:34:47.908000+00:00,2026-01-02 02:34:48.158000+00:00,115.69229004526184,9.310420925473615,70.90735128705853,22.866426784457197,3.4199942861840738,3.0183349397873513,0.7248628220450815,-1.3873763909511558,-1.2056144528506396,1.2056144528506396,-0.43161147834336555,0.5966516162982434,0.5966516162982434
1,2026-01-02 02:34:48.033000+00:00,2026-01-02 02:34:48.283000+00:00,115.6814004096648,35.00472773284582,125.70325773593393,24.933219166489273,4.350403583768111,2.3393456658110052,2.081147697204084,-0.6789892739763461,0.7083871169748097,0.7083871169748097,1.3562848751590024,1.787896353502368,1.787896353502368
2,2026-01-02 02:34:55.662000+00:00,2026-01-02 02:34:55.912000+00:00,1107.5958090304061,65.64908152654722,29.76672364701077,7.881647286190814,3.5640583551463747,0.5000736959595776,5.087221371516047,-1.8392719698514277,-1.1602826958750816,1.1602826958750816,3.006073674311963,1.6497887991529605,1.6497887991529605
2,2026-01-02 02:34:55.787000+00:00,2026-01-02 02:34:56.037000+00:00,487.68316828637074,26.256049347168876,56.60484776634995,8.296461814896698,2.3244742079853973,0.6978925842901007,2.258910096174464,0.19781888833052305,2.037090858181951,2.037090858181951,-2.8283112753415827,-5.834384949653545,5.834384949653545
2,2026-01-02 02:34:55.912000+00:00,2026-01-02 02:34:56.162000+00:00,203.1438643579748,17.03091011930885,79.33267630804623,13.51280323029452,1.2453276142636565,1.5489963705499863,1.2773037558049511,0.8511037862598856,0.6532848979293625,0.6532848979293625,-0.981606340369513,1.8467049349720697,1.8467049349720697
2,2026-01-02 02:34:56.037000+00:00,2026-01-02 02:34:56.287000+00:00,140.2268727341983,18.859325485038276,91.95406623802114,20.212806860308724,1.6369097332732483,2.1938446578172868,1.3585914483590333,0.6448482872673005,-0.20625549899258513,0.20625549899258513,0.08128769255408219,1.0628940329235952,1.0628940329235952
2,2026-01-02 02:34:56.162000+00:00,2026-01-02 02:34:56.412000+00:00,94.76024203890756,18.20172697368785,94.47559888269421,32.02149502311268,2.6692005836513344,2.94091382858299,1.7882947125621826,0.7470691707657031,0.10222088349840264,0.10222088349840264,0.4297032642031493,0.3484155716490671,0.3484155716490671
2,2026-01-02 02:34:56.287000+00:00,2026-01-02 02:34:56.537000+00:00,61.08174635828856,17.782536226513002,74.34924555624931,45.509063154766245,4.0603707728689,-2.8181615958155053,2.5207661455624564,0.5241098827810913,-0.22295928798461184,0.22295928798461184,0.7324714330002737,0.3027681687971244,0.3027681687971244
2,2026-01-02 02:34:56.412000+00:00,2026-01-02 02:34:56.662000+00:00,37.57286912489216,40.94200894061688,96.72466477673711,53.50274514192829,3.9048239397386517,-3.129023769661647,3.1261037722719687,-0.3108621738461417,-0.8349720566272328,0.8349720566272328,0.6053376267095123,-0.12713380629076143,0.12713380629076143
2,2026-01-02 02:34:56.537000+00:00,2026-01-02 02:34:56.787000+00:00,20.483637612592474,82.1025627597612,163.2536056055173,49.394294206360456,2.534084533533065,2.488463013734685,4.514578660894177,-0.6656985237832542,-0.35483634993711255,0.35483634993711255,1.3884748886222082,0.783137261912696,0.783137261912696
2,2026-01-02 02:34:56.662000+00:00,2026-01-02 02:34:56.912000+00:00,13.46990423870929,76.36870597305202,147.53986619851275,29.6516501506583,2.0103608788458964,2.1086881272948994,3.9805731254516536,-0.3797748864397854,0.2859236373434688,0.2859236373434688,-0.5340055354425233,-1.9224804240647315,1.9224804240647315
2,2026-01-02 02:34:56.787000+00:00,2026-01-02 02:34:57.037000+00:00,35.951691925222576,34.50866824630623,65.7749658808459,14.244587274875958,1.751368648660466,1.5794303785274233,1.654210428227618,-0.5292577487674761,-0.1494828623276907,0.1494828623276907,-2.3263626972240354,-1.7923571617815122,1.7923571617815122
2,2026-01-02 02:34:56.912000+00:00,2026-01-02 02:34:57.162000+00:00,176.6082626610147,22.19598028871861,21.420353382156307,13.93804918556896,1.6760178666116998,0.5873765658818971,1.2018867524005432,-0.9920538126455262,-0.46279606387805006,0.46279606387805006,-0.4523236758270748,1.8740390213969607,1.8740390213969607
2,2026-01-02 02:34:57.037000+00:00,2026-01-02 02:34:57.287000+00:00,516.7724485843194,29.999593177692454,12.988942992301919,20.164725307945382,2.083312516007772,0.26500513814615867,1.8200270348525671,-0.32237142773573846,0.6696823849097877,0.6696823849097877,0.6181402824520239,1.0704639582790987,1.0704639582790987
2,2026-01-02 02:34:57.162000+00:00,2026-01-02 02:34:57.412000+00:00,819.9716122596615,34.18052124184703,27.17042239980431,24.800673825329376,2.069743420244378,0.2707584656676789,2.1497771142321227,0.005753327521520246,0.3281247552572587,0.3281247552572587,0.3297500793795556,-0.2883902030724683,0.2883902030724683
2,2026-01-02 02:34:57.287000+00:00,2026-01-02 02:34:57.537000+00:00,729.5992463778357,56.34629916510504,69.9577966341551,19.764653968639212,2.2771184679599576,0.8987908173553234,2.7703595249022364,0.6280323516876445,0.6222790241661242,0.6222790241661242,0.6205824106701137,0.2908323312905581,0.2908323312905581
2,2026-01-02 02:34:57.412000+00:00,2026-01-02 02:34:57.662000+00:00,392.9491419623026,84.62780616031495,103.57938682112034,11.086193150050923,3.317334618733795,1.2689041597412356,4.129462262922582,0.3701133423859122,-0.2579190093017322,0.2579190093017322,1.3591027380203453,0.7385203273502317,0.7385203273502317
3,2026-01-02 02:35:01.925500+00:00,2026-01-02 02:35:02.175500+00:00,1515.3543983270124,29.799824625032052,30.18129250842682,16.593663356658027,9.226680242729472,-0.03470145612641024,4.796531198102515,-1.303605615867646,-1.673718958253558,1.673718958253558,0.667068935179933,-0.6920338028404123,0.6920338028404123
3,2026-01-02 02:35:02.050500+00:00,2026-01-02 02:35:02.300500+00:00,1058.2634602077553,10.318601861324968,18.781150304304358,9.09350458889796,8.703788519760813,-0.14425447261938848,4.039435772926192,-0.10955301649297824,1.1940525993746676,1.1940525993746676,-0.7570954251763231,-1.4241643603562562,1.4241643603562562
3,2026-01-02 02:35:02.175500+00:00,2026-01-02 02:35:02.425500+00:00,1078.9126593234694,10.718056952105734,14.19123505354782,12.371394910331734,4.121788523082845,-0.034758366185133914,3.6939783779249193,0.10949610643425456,0.2190491229272328,0.2190491229272328,-0.34545739500127226,0.41163803017505085,0.41163803017505085
3,2026-01-02 02:35:02.300500+00:00,2026-01-02 02:35:02.550500+00:00,1113.5385563787931,13.667735497327675,37.891211674432455,14.977920015275972,1.8787169459890263,0.14859268305712697,3.162836195961051,0.1833510492422609,0.07385494280800634,0.07385494280800634,-0.5311421819638684,-0.18568478696259616,0.18568478696259616
3,2026-01-02 02:35:02.425500+00:00,2026-01-02 02:35:02.675500+00:00,1292.2549727094752,18.42853685613538,78.10078279706003,13.557556731996922,1.844559326764125,0.37781665523815977,3.321486164036604,0.2292239721810328,0.045872922938771904,0.045872922938771904,0.1586499680755531,0.6897921500394215,0.6897921500394215
3,2026-01-02 02:35:02.550500+00:00,2026-01-02 02:35:02.800500+00:00,1963.3411281252338,28.247111787581982,82.51375540873154,19.525122300759758,2.3367604705177323,0.2709748253456026,4.753884303881061,-0.10684182989255721,-0.33606580207359,0.33606580207359,1.432398139844457,1.2737481717689039,1.2737481717689039
3,2026-01-02 02:35:02.675500+00:00,2026-01-02 02:35:02.925500+00:00,2408.4916791478086,27.83152708188527,67.83669660529031,29.438624060344623,3.019908359275674,0.08669867622454058,5.405543637678746,-0.184276149121062,-0.07743431922850479,0.07743431922850479,0.651659333797685,-0.7807388060467719,0.7807388060467719
3,2026-01-02 02:35:02.800500+00:00,2026-01-02 02:35:03.050500+00:00,1920.737142245848,16.16076543495598,66.11833195856674,33.109217783803516,3.099284833025148,-0.05192839692572472,3.6805203788787497,-0.1386270731502653,0.045649075970796704,0.045649075970796704,-1.7250232587999963,-2.3766825925976813,2.3766825925976813
3,2026-01-02 02:35:02.925500+00:00,2026-01-02 02:35:03.175500+00:00,1106.8999319061209,7.8493803970250875,46.94903498110307,29.447998657834937,2.7811908120388518,-0.2606511370037973,1.9732555640558687,-0.20872274007807257,-0.07009566692780728,0.07009566692780728,-1.707264814822881,0.017758443977115235,0.017758443977115235
3,2026-01-02 02:35:03.050500+00:00,2026-01-02 02:35:03.300500+00:00,581.0303317301973,4.679218491560173,21.786920335170116,17.081226734444705,2.429598517403335,-0.14951089971132864,1.726211720743038,0.11114023729246864,0.3198629773705412,0.3198629773705412,-0.24704384331283058,1.4602209715100505,1.4602209715100505
3,2026-01-02 02:35:03.175500+00:00,2026-01-02 02:35:03.425500+00:00,329.674852264591,5.1898581609940795,16.771484828289733,7.64025503977939,1.8709773172450448,0.1497631667910054,1.7661896437073175,0.299274066502334,0.1881338292098654,0.1881338292098654,0.03997792296427938,0.28702176627710996,0.28702176627710996
3,2026-01-02 02:35:03.300500+00:00,2026-01-02 02:35:03.550500+00:00,298.16621782361983,6.1126635403077,17.13634263432214,16.010239659700005,1.7605783080592343,-0.10214734816404307,1.0755832606869953,-0.25191051495504846,-0.5511845814573825,0.5511845814573825,-0.6906063830203222,-0.7305843059846016,0.7305843059846016
3,2026-01-02 02:35:03.425500+00:00,2026-01-02 02:35:03.675500+00:00,360.63652568621467,5.654400107212609,28.835680769729674,39.20714042551761,3.6634994968308088,-1.9097281762729013,1.5305076611317787,-1.8075808281088581,-1.5556703131538097,1.5556703131538097,0.45492440044478344,1.1455307834651056,1.1455307834651056
3,2026-01-02 02:35:03.550500+00:00,2026-01-02 02:35:03.800500+00:00,349.81579034697063,8.726636920241194,67.91166964500306,48.20845411254752,5.428567464218586,-2.4063196439112375,2.3216614708433476,-0.4965914676383363,1.3109893604705218,1.3109893604705218,0.7911538097115689,0.33622940926678546,0.33622940926678546
3,2026-01-02 02:35:03.675500+00:00,2026-01-02 02:35:03.925500+00:00,318.288030144,11.272485125848618,96.44509363911214,32.4615828667455,4.20083186110223,-3.0405475807367455,1.2210851123584188,-0.6342279368255079,-0.13763646918717165,0.13763646918717165,-1.1005763584849289,-1.8917301681964978,1.8917301681964978
4,2026-01-02 02:35:07.730500+00:00,2026-01-02 02:35:07.980500+00:00,172.89193510622846,5.6637145934148805,58.17994927389351,9.601273989246838,1.9734979284095133,0.9591818508178932,0.8325592154496432,-2.2834558756249477,-1.6492279387994397,1.6492279387994397,-0.3885258969087756,0.7120504615761533,0.7120504615761533
4,2026-01-02 02:35:07.855500+00:00,2026-01-02 02:35:08.105500+00:00,204.92823766778747,8.194719723773325,30.531129546104655,12.969115584789932,1.8387962971975522,0.32594640569454353,0.8732395993681458,-0.6332354451233496,1.650220430501598,1.650220430501598,0.040680383918502594,0.4292062808272782,0.4292062808272782
4,2026-01-02 02:35:07.980500+00:00,2026-01-02 02:35:08.230500+00:00,355.278558435156,23.147071059648365,31.906762271306068,22.55719337919165,2.673497052076685,0.3129103621741207,0.8025875388627904,-0.013036043520422813,0.6201994016029269,0.6201994016029269,-0.07065206050535533,-0.11133244442385792,0.11133244442385792
4,2026-01-02 02:35:08.105500+00:00,2026-01-02 02:35:08.355500+00:00,556.0004058087842,50.16234581933742,45.234726463053,23.986358282770922,3.3925695073061357,0.7471304328672621,1.8404946728616036,0.4342200706931414,0.44725611421356426,0.44725611421356426,1.037907133998813,1.1085591945041684,1.1085591945041684
4,2026-01-02 02:35:08.230500+00:00,2026-01-02 02:35:08.480500+00:00,545.6469656467655,52.99920396275223,50.90544801401836,16.43902167027413,2.9401071248323722,0.8154938914238641,2.5814860927172005,0.06836345855660197,-0.3658566121365394,0.3658566121365394,0.7409914198555969,-0.29691571414321616,0.29691571414321616
4,2026-01-02 02:35:08.355500+00:00,2026-01-02 02:35:08.605500+00:00,340.07235415105816,26.483669165151404,51.667567940752626,12.98356613581705,2.2115077301795463,0.8291278055195599,1.5937248724440638,0.01363391409569581,-0.054729544460906165,0.054729544460906165,-0.9877612202731367,-1.7287526401287336,1.7287526401287336
4,2026-01-02 02:35:08.480500+00:00,2026-01-02 02:35:08.730500+00:00,180.2075959380931,8.386010748300121,40.657781141303545,12.84957755210591,1.6826346366982379,0.6431576406029151,0.7362609546817477,-0.18597016491664475,-0.1996040790123406,0.1996040790123406,-0.8574639177623161,0.1302973025108206,0.1302973025108206
4,2026-01-02 02:35:08.605500+00:00,2026-01-02 02:35:08.855500+00:00,144.9762673266203,4.9745086830407494,19.155086943820898,11.076850635166512,1.119139238918597,0.2331724540356724,0.9429657284522617,-0.4099851865672427,-0.22401502165059797,0.22401502165059797,0.206704773770514,1.0641686915328301,1.0641686915328301
4,2026-01-02 02:35:08.730500+00:00,2026-01-02 02:35:08.980500+00:00,159.61378773766734,3.0176810050318976,4.509077096026822,9.301394421542051,0.871685553497439,0.06820488761127168,1.3012548140578053,-0.16496756642440075,0.24501762014284195,0.24501762014284195,0.3582890856055436,0.15158431183502963,0.15158431183502963
4,2026-01-02 02:35:08.855500+00:00,2026-01-02 02:35:09.105500+00:00,143.20761159539228,1.523175880016881,1.9670769829013217,8.293539836297875,1.120649883965363,0.01212126420953901,1.3611950676528337,-0.05608362340173267,0.10888394302266807,0.10888394302266807,0.059940253595028414,-0.2983488320105152,0.2983488320105152
4,2026-01-02 02:35:08.980500+00:00,2026-01-02 02:35:09.230500+00:00,96.09142674857893,2.446743562361821,3.128728934483669,9.71653983829168,1.4520252738949018,-0.048343619172094496,1.1394975643729077,-0.0604648833816335,-0.0043812599799008325,0.0043812599799008325,-0.221697503279926,-0.2816377568749544,0.2816377568749544
4,2026-01-02 02:35:09.105500+00:00,2026-01-02 02:35:09.355500+00:00,92.68509833717049,16.76431484119669,2.603074762521225,15.18124421631397,2.015087900914569,0.12011411170490786,0.9609737207904777,0.1684577308770024,0.2289226142586359,0.2289226142586359,-0.17852384358243,0.04317365969749598,0.04317365969749598
4,2026-01-02 02:35:09.230500+00:00,2026-01-02 02:35:09.480500+00:00,234.59794842878424,56.1022811737977,4.27282809088087,20.596128754132373,2.6271748238204147,0.712961665563956,1.908025651791019,0.5928475538590482,0.4243898229820458,0.4243898229820458,0.9470519310005413,1.1255757745829713,1.1255757745829713
4,2026-01-02 02:35:09.355500+00:00,2026-01-02 02:35:09.605500+00:00,472.5957279042146,88.16012062385809,15.785003396034124,24.207690423015027,2.2184540934645813,0.8856098674409764,3.189623831496898,0.17264820187702035,-0.4201993519820278,0.4201993519820278,1.281598179705879,0.3345462487053378,0.3345462487053378
4,2026-01-02 02:35:09.480500+00:00,2026-01-02 02:35:09.730500+00:00,525.9803292279782,70.11664672962476,28.77342831055712,24.82035251031504,1.1808085403794033,0.9040953648853166,2.6369214447944405,0.018485497444340252,-0.1541627044326801,0.1541627044326801,-0.5527023867024576,-1.8343005664083367,1.8343005664083367
5,2026-01-02 02:35:13.985500+00:00,2026-01-02 02:35:14.235500+00:00,199.8653176778805,11.464417011368075,64.69431026301619,26.274804755462135,23.527427024416763,-1.4544870358255853,3.0080772646395375,-2.358582400710902,-2.3770678981552424,2.3770678981552424,0.37115581984509705,0.9238582065475547,0.9238582065475547
5,2026-01-02 02:35:14.110500+00:00,2026-01-02 02:35:14.360500+00:00,265.72683002172374,12.042150891311802,47.09824692554,15.167789140599172,10.438049914271238,-0.6241727010089277,1.2404333371493756,0.8303143348166575,-3.094288571652027,3.094288571652027,-1.7676439274901619,-2.138799747335259,2.138799747335259
5,2026-01-02 02:35:14.235500+00:00,2026-01-02 02:35:14.485500+00:00,600.5556975340867,23.603864488255645,28.045626958184783,11.955427831711464,3.1435975915783922,0.29430841196996077,2.381389359752992,0.9184811129788886,0.08816677816223106,0.08816677816223106,1.1409560226036162,2.908599950093778,2.908599950093778
5,2026-01-02 02:35:14.360500+00:00,2026-01-02 02:35:14.610500+00:00,954.4715048153329,47.660680210513846,11.146956487721994,15.28081722757313,3.4518826762768637,0.3127565845208605,3.8004042107121445,0.018448172550899755,-0.9000329404279888,0.9000329404279888,1.4190148509591527,0.2780588283555365,0.2780588283555365
5,2026-01-02 02:35:14.485500+00:00,2026-01-02 02:35:14.735500+00:00,875.8496014467655,55.911987204117565,5.124505945770499,24.147491255027795,2.5660210465494635,0.3518837267206218,3.1292147524562144,0.03912714219976127,0.02067896964886151,0.02067896964886151,-0.6711894582559301,-2.090204309215083,2.090204309215083
5,2026-01-02 02:35:14.610500+00:00,2026-01-02 02:35:14.860500+00:00,493.31417046519925,37.843638438464446,9.374706003443698,36.26998983430552,1.8313329894702148,-0.08718925377799462,0.7060043389189692,-0.4390729804986164,-0.4782001226983777,0.4782001226983777,-2.4232104135372454,-1.7520209552813153,1.7520209552813153
5,2026-01-02 02:35:14.735500+00:00,2026-01-02 02:35:14.985500+00:00,252.9317997258325,17.535632543969996,16.31550397449813,38.932002639694986,2.2726855902394796,-2.053535174878953,1.0589281200236653,-1.9663459211009586,-1.5272729406023422,1.5272729406023422,0.35292378110469613,2.7761341946419416,2.7761341946419416
5,2026-01-02 02:35:14.860500+00:00,2026-01-02 02:35:15.110500+00:00,188.91503726817476,9.028996131112471,21.334903427919098,33.31942506637827,4.63777307666916,-1.8447092846812632,1.2979253418924315,0.20882589019769007,2.175171811298649,2.175171811298649,0.23899722186876615,-0.11392655923592998,0.11392655923592998
5,2026-01-02 02:35:14.985500+00:00,2026-01-02 02:35:15.235500+00:00,179.8303517710558,5.562611219794577,20.67194770883144,29.683647762387785,13.433919211230808,-1.4652007851434912,2.487031847281976,0.37950849953777194,0.17068260934008186,0.17068260934008186,1.1891065053895447,0.9501092835207785,0.9501092835207785
5,2026-01-02 02:35:15.110500+00:00,2026-01-02 02:35:15.360500+00:00,250.72692714391712,3.8830083438406895,36.92113843992823,28.865050200943934,20.575658840420715,-1.4064550260081132,3.3696433173325175,0.058745759135377947,-0.320762740402394,0.320762740402394,0.8826114700505414,-0.30649503533900324,0.30649503533900324
5,2026-01-02 02:35:15.235500+00:00,2026-01-02 02:35:15.485500+00:00,400.12636559117084,8.217041854913209,92.32394660695508,24.778184366347535,13.562333398785693,-1.5512339335036567,1.249226689556134,-0.14477890749554345,-0.2035246666309214,0.2035246666309214,-2.1204166277763834,-3.003028097826925,3.003028097826925
5,2026-01-02 02:35:15.360500+00:00,2026-01-02 02:35:15.610500+00:00,661.648227030546,15.872606864793928,126.29419449998974,17.288030894845928,5.240316662438534,1.2126334004926322,1.1185091616705225,2.7638673339962887,2.908646241491832,2.908646241491832,-0.13071752788561142,1.989699099890772,1.989699099890772
5,2026-01-02 02:35:15.485500+00:00,2026-01-02 02:35:15.735500+00:00,953.102281888471,16.45376564689047,86.41668606535129,12.955733452512785,4.115664674057218,0.4211782271962518,2.3412495534709508,-0.7914551732963804,2.7278627998869176,2.7278627998869176,1.2227403918004283,1.3534579196860397,1.3534579196860397
5,2026-01-02 02:35:15.610500+00:00,2026-01-02 02:35:15.860500+00:00,932.66028620907,13.024271123821707,28.653495566884448,12.712109132078815,2.908972370853783,0.09876143411024205,3.0034220659123583,-0.3224167930860098,0.46903838021037064,0.46903838021037064,0.6621725124414075,-0.5605678793590207,0.5605678793590207
5,2026-01-02 02:35:15.735500+00:00,2026-01-02 02:35:15.985500+00:00,634.3042484091454,15.016621436210873,5.600080283121937,18.598514637179306,1.3301645063211183,0.0051981904820314045,2.098556652104074,-0.09356324362821064,0.22885354945779915,0.22885354945779915,-0.9048654138082841,-1.5670379262496916,1.5670379262496916
6,2026-01-02 02:35:20.096000+00:00,2026-01-02 02:35:20.346000+00:00,971.3822309056841,51.54575759056592,49.75128883193851,27.59655887414701,3.1838097522736564,0.506962610903477,2.4803744154299516,0.5017644204214456,0.5953276640496563,0.5953276640496563,0.38181776332587747,1.2866831771341616,1.2866831771341616
6,2026-01-02 02:35:20.221000+00:00,2026-01-02 02:35:20.471000+00:00,1451.4772163649511,44.095466672986134,99.92783751718929,23.514262322264518,2.1143941312234134,0.6033040042536235,3.37092968505704,0.09634139335014646,-0.4054230270712992,0.4054230270712992,0.8905552696270882,0.5087375063012107,0.5087375063012107
6,2026-01-02 02:35:20.346000+00:00,2026-01-02 02:35:20.596000+00:00,1309.3511758740192,20.470349817323033,135.36155147701908,25.59593201207248,1.1040534839157279,0.8603854075821793,1.9861917817481207,0.2570814033285558,0.16074000997840932,0.16074000997840932,-1.384737903308919,-2.2752931729360073,2.2752931729360073
6,2026-01-02 02:35:20.471000+00:00,2026-01-02 02:35:20.721000+00:00,818.620759312361,13.446912142800093,123.10369452446827,25.402940533416405,1.5312037822311408,1.4716374836622788,1.0425677353636993,0.6112520760800995,0.3541706727515437,0.3541706727515437,-0.9436240463844214,0.44111385692449767,0.44111385692449767
6,2026-01-02 02:35:20.596000+00:00,2026-01-02 02:35:20.846000+00:00,471.797567589088,17.29723967357327,83.34890422158065,20.35113910521431,2.648260513181145,1.2216207263467946,0.8346378576267828,-0.2500167573154841,-0.8612688333955836,0.8612688333955836,-0.2079298777369165,0.7356941686475049,0.7356941686475049
6,2026-01-02 02:35:20.721000+00:00,2026-01-02 02:35:20.971000+00:00,278.1741556431368,12.847572363296223,50.18960201549744,20.021129828770455,3.278806519575765,0.38657825625213577,0.34505346486677313,-0.8350424700946588,-0.5850257127791747,0.5850257127791747,-0.48958439276000965,-0.28165451502309313,0.28165451502309313
6,2026-01-02 02:35:20.846000+00:00,2026-01-02 02:35:21.096000+00:00,160.65657319345576,6.985242809031392,26.65285842159835,19.474620665977977,3.4471412318851,-0.792093627328215,0.5331071073155716,-1.1786718835803507,-0.34362941348569187,0.34362941348569187,0.18805364244879852,0.6776380352088082,0.6776380352088082
6,2026-01-02 02:35:20.971000+00:00,2026-01-02 02:35:21.221000+00:00,107.42228626019048,6.3874280683158755,15.438321504028034,16.40235310333554,3.274936268527014,-0.5245565735815284,0.7176558242146998,0.26753705374668657,1.4462089373270373,1.4462089373270373,0.1845487168991281,-0.0035049255496704124,0.0035049255496704124
6,2026-01-02 02:35:21.096000+00:00,2026-01-02 02:35:21.346000+00:00,144.9033884776132,11.376874697256712,16.791005201393247,23.153913655424574,4.2589349274734065,-1.0933531529801872,0.7238561961399459,-0.5687965793986588,-0.8363336331453454,0.8363336331453454,0.00620037192524614,-0.17834834497388197,0.17834834497388197
6,2026-01-02 02:35:21.221000+00:00,2026-01-02 02:35:21.471000+00:00,282.6644200464484,25.39869062592168,15.66748029122947,31.235781434922654,41.80098091709377,-1.23318283020959,6.3266865599190325,-0.13982967722940276,0.42896690216925604,0.42896690216925604,5.602830363779087,5.596629991853841,5.596629991853841
6,2026-01-02 02:35:21.346000+00:00,2026-01-02 02:35:21.596000+00:00,362.8316802371961,30.3472628386646,8.322956609754522,33.824984114726135,85.0307074306613,-1.229717416591562,13.00444593362497,0.00346541361802788,0.14329509084743064,0.14329509084743064,6.677759373705937,1.0749290099268505,1.0749290099268505
6,2026-01-02 02:35:21.471000+00:00,2026-01-02 02:35:21.721000+00:00,270.3582316726729,19.812084353971194,2.923591459671921,34.46477112456796,55.84424263085822,-1.2703232454015125,8.933100536832992,-0.04060582880995045,-0.04407124242797833,0.04407124242797833,-4.071345396791978,-10.749104770497915,10.749104770497915
6,2026-01-02 02:35:21.596000+00:00,2026-01-02 02:35:21.846000+00:00,127.6354839024331,21.911177710939455,1.9823537468074197,25.62170260400322,11.30206447574228,-1.0888174200138312,1.7783505573148382,0.18150582538768134,0.2221116541976318,0.2221116541976318,-7.1547499795181535,-3.0834045827261756,3.0834045827261756
6,2026-01-02 02:35:21.721000+00:00,2026-01-02 02:35:21.971000+00:00,53.14676048265771,34.55816283428826,8.470372306978769,18.166275581499278,2.606022586525742,0.6707280053598202,0.994930007687566,1.7595454253736516,1.5780395999859702,1.5780395999859702,-0.7834205496272721,6.371329429890881,6.371329429890881
6,2026-01-02 02:35:21.846000+00:00,2026-01-02 02:35:22.096000+00:00,28.09173582582752,29.745211737390115,34.15193249885967,21.566705990674507,2.2069227580456943,1.6433419906186764,0.6426671047359059,0.9726139852588561,-0.7869314401147954,0.7869314401147954,-0.3522629029516601,0.43115764667561207,0.43115764667561207
7,2026-01-02 02:35:25.296500+00:00,2026-01-02 02:35:25.546500+00:00,152.0115312800577,12.093198827445786,14.658669670970152,34.767819820926974,5.290265275812133,-1.8331586785418066,1.4350857352363378,2.8066846380191035,1.8340706527602473,1.8340706527602473,0.7924186305004318,1.144681533452092,1.144681533452092
7,2026-01-02 02:35:25.421500+00:00,2026-01-02 02:35:25.671500+00:00,261.07455194285825,20.183045621851385,11.144596868021948,25.311246502153775,1.7982112462225488,-0.2288704150138204,0.6046943335678892,1.6042882635279863,-1.2023963744911172,1.2023963744911172,-0.8303914016684486,-1.6228100321688803,1.6228100321688803
7,2026-01-02 02:35:25.546500+00:00,2026-01-02 02:35:25.796500+00:00,527.8390289810422,33.22368536203643,6.995027144273311,20.972468691542275,2.5852472718889334,0.21264909626054881,1.9393448035982341,0.4415195112743692,-1.162768752253617,1.162768752253617,1.334650470030345,2.1650418716987936,2.1650418716987936
7,2026-01-02 02:35:25.671500+00:00,2026-01-02 02:35:25.921500+00:00,888.1847765080527,51.97248992907615,7.1379175506052706,17.188971558998205,3.045694727869625,0.3502002945762505,3.6213142603339294,0.1375511983157017,-0.30396831295866755,0.30396831295866755,1.6819694567356953,0.34731898670535033,0.34731898670535033
7,2026-01-02 02:35:25.796500+00:00,2026-01-02 02:35:26.046500+00:00,879.5063574426622,50.192402345305524,12.378657821767339,11.530844413337327,2.5884614356560602,0.41299741611278074,3.977640300421182,0.06279712153653022,-0.07475407677917148,0.07475407677917148,0.35632604008725277,-1.3256434166484425,1.3256434166484425
7,2026-01-02 02:35:25.921500+00:00,2026-01-02 02:35:26.171500+00:00,491.55312044125964,24.76094645885418,14.138732228193982,11.34753114763351,1.6626506227802684,0.35058078975362145,2.347605236827067,-0.06241662635915928,-0.1252137478956895,0.1252137478956895,-1.6300350635941152,-1.986361103681368,1.986361103681368
7,2026-01-02 02:35:26.046500+00:00,2026-01-02 02:35:26.296500+00:00,238.3668217679291,11.963844852995464,21.840855640919237,14.310511030671904,2.830346431582695,0.09449802311545297,1.0710107097569208,-0.2560827666381685,-0.1936661402790092,0.1936661402790092,-1.2765945270701462,0.353440536523969,0.353440536523969
7,2026-01-02 02:35:26.171500+00:00,2026-01-02 02:35:26.421500+00:00,197.8065699881347,14.142245980854387,60.61436157959976,16.731971867385603,5.28890620699766,0.6186297525910631,0.32129766580331615,0.5241317294756102,0.7802144961137787,0.7802144961137787,-0.7497130439536046,0.5268814831165416,0.5268814831165416
7,2026-01-02 02:35:26.296500+00:00,2026-01-02 02:35:26.546500+00:00,225.515829672721,12.341760347759141,111.43981190977091,18.652443697147774,4.936590463116033,2.3580607329001864,0.9975394739956291,1.7394309803091232,1.215299250833513,1.215299250833513,0.6762418081923129,1.4259548521459176,1.4259548521459176
7,2026-01-02 02:35:26.421500+00:00,2026-01-02 02:35:26.671500+00:00,267.40385022917434,12.080186750336162,114.44361197700734,26.79705671409146,3.801235752306693,2.7818216026901648,1.36021661842895,0.4237608697899784,-1.3156701105191448,1.3156701105191448,0.3626771444333208,-0.31356466375899217,0.31356466375899217
7,2026-01-02 02:35:26.546500+00:00,2026-01-02 02:35:26.796500+00:00,293.05810215467176,16.089597572400642,67.82641694610626,36.57649184339247,3.7160859760419296,-2.7447824688311737,1.135996586605208,0.7565812356582475,0.33282036586826913,0.33282036586826913,-0.22422003182374195,-0.5868971762570627,0.5868971762570627
7,2026-01-02 02:35:26.671500+00:00,2026-01-02 02:35:26.921500+00:00,426.9082448538159,15.92907537659376,24.925471865379556,26.273774066732315,2.718663004398857,-0.3976901431711603,0.794529496055486,2.3470923256600136,1.590511090001766,1.590511090001766,-0.341467090549722,-0.11724705872598007,0.11724705872598007
7,2026-01-02 02:35:26.796500+00:00,2026-01-02 02:35:27.046500+00:00,659.4442763721283,10.871754767672687,8.695258301808083,9.424488446205634,2.037375284227556,0.09486575250802409,2.755894075138393,0.4925558956791844,-1.8545364299808291,1.8545364299808291,1.961364579082907,2.302831669632629,2.302831669632629
7,2026-01-02 02:35:26.921500+00:00,2026-01-02 02:35:27.171500+00:00,787.4239149159525,6.937714161941479,11.757719425834178,4.863962947314717,2.6024291160850117,0.09043325599545063,3.3565932987652034,-0.004432496512573464,-0.49698839219175783,0.49698839219175783,0.6006992236268105,-1.3606653554560966,1.3606653554560966
7,2026-01-02 02:35:27.046500+00:00,2026-01-02 02:35:27.296500+00:00,772.4109874834662,16.64964105827387,26.528693110723818,14.16472807625832,3.089820109243263,0.11990284748114718,2.5530816388841555,0.029469591485696556,0.03390208799827003,0.03390208799827003,-0.8035116598810479,-1.4042108835078584,1.4042108835078584
8,2026-01-02 02:35:30.545500+00:00,2026-01-02 02:35:30.795500+00:00,22.862141936570314,8.988055210585724,15.040152988682904,32.08364752028118,4.947883514050946,-1.9993382072511223,1.4413502298977066,-2.1192410547322695,-2.148710646217966,2.148710646217966,-1.111731408986449,-0.30821974910540106,0.30821974910540106
8,2026-01-02 02:35:30.670500+00:00,2026-01-02 02:35:30.920500+00:00,26.18347246494267,6.80901055878766,24.452076716911936,36.2863641928948,3.5729972590014807,-2.2929949948442183,1.7219586122775996,-0.293656787593096,1.8255842671391735,1.8255842671391735,0.28060838237989305,1.392339791366342,1.392339791366342
8,2026-01-02 02:35:30.795500+00:00,2026-01-02 02:35:31.045500+00:00,20.907789732224714,3.9578523866373323,30.70661271884921,36.14208771080945,2.95514969671694,-2.391232158909857,1.7959116064509029,-0.09823716406563854,0.19541962352745745,0.19541962352745745,0.07395299417330325,-0.2066553882065898,0.2066553882065898
8,2026-01-02 02:35:30.920500+00:00,2026-01-02 02:35:31.170500+00:00,19.168573731183507,3.1061663243883797,22.758800206790923,38.244299968713,3.0171729752483283,-2.3084186213934212,1.9891653931714561,0.08281353751643561,0.18105070158207415,0.18105070158207415,0.19325378672055327,0.11930079254725001,0.11930079254725001
8,2026-01-02 02:35:31.045500+00:00,2026-01-02 02:35:31.295500+00:00,31.476897148588428,7.320522648539717,12.263093704361275,26.971887088405936,2.6574690728361543,-1.9183917679802602,0.8674711696478472,0.390026853413161,0.3072133158967254,0.3072133158967254,-1.121694223523609,-1.3149480102441622,1.3149480102441622
8,2026-01-02 02:35:31.170500+00:00,2026-01-02 02:35:31.420500+00:00,73.90637894597519,21.24872808403298,10.59321351906542,18.820642558873825,2.4479724447870224,0.22587981005461744,0.5994056856424799,2.1442715780348776,1.7542447246217165,1.7542447246217165,-0.26806548400536734,0.8536287395182416,0.8536287395182416
8,2026-01-02 02:35:31.295500+00:00,2026-01-02 02:35:31.545500+00:00,197.5951626384913,34.855368448743,11.118031188526016,20.1245500217587,2.7011880822212415,0.5010698550241669,1.1419567030698718,0.2751900449695495,-1.869081533065328,1.869081533065328,0.542551017427392,0.8106165014327593,0.8106165014327593
8,2026-01-02 02:35:31.420500+00:00,2026-01-02 02:35:31.670500+00:00,306.61980671808124,28.60874462371684,12.933488522597706,23.093206404884974,3.224584904896237,0.10748648287112816,1.0154889017587,-0.39358337215303874,-0.6687734171225883,0.6687734171225883,-0.12646780131117175,-0.6690188187385637,0.6690188187385637
8,2026-01-02 02:35:31.545500+00:00,2026-01-02 02:35:31.795500+00:00,254.76008465066278,12.196655834664622,20.42166357191244,36.10471803277404,2.7954591446717387,-1.9437128097793384,1.093356696504137,-2.0511992926504665,-1.657615920497428,1.657615920497428,0.07786779474543692,0.20433559605660867,0.20433559605660867
8,2026-01-02 02:35:31.670500+00:00,2026-01-02 02:35:31.920500+00:00,136.65725813107983,5.728153272147615,23.74745266931633,42.66003918777838,1.7161867112645106,-2.3462131902269636,1.959435054493829,-0.4025003804476252,1.6486989122028413,1.6486989122028413,0.866078357989692,0.7882105632442551,0.7882105632442551
8,2026-01-02 02:35:31.795500+00:00,2026-01-02 02:35:32.045500+00:00,97.24704825592556,8.24392592930424,16.590219386181587,29.098697640770826,1.1854972552090897,-2.137312792878228,0.7385246550715335,0.20890039734873556,0.6114007777963608,0.6114007777963608,-1.2209103994222956,-2.0869887574119876,2.0869887574119876
8,2026-01-02 02:35:31.920500+00:00,2026-01-02 02:35:32.170500+00:00,151.54731606148232,12.576930117536897,8.564752735350512,24.510667257647412,1.0399407228074198,-0.8644375738356312,0.4002135837263472,1.272875219042597,1.0639748216938614,1.0639748216938614,-0.33831107134518634,0.8825993280771093,0.8825993280771093
8,2026-01-02 02:35:32.045500+00:00,2026-01-02 02:35:32.295500+00:00,223.5671712350545,21.531397886073954,8.01836450250656,40.019357349254555,0.8505212181734547,-2.186867757177658,0.9081996158351441,-1.3224301833420267,-2.5953054023846236,2.5953054023846236,0.5079860321087969,0.8462971034539832,0.8462971034539832
8,2026-01-02 02:35:32.170500+00:00,2026-01-02 02:35:32.420500+00:00,200.95289647868802,28.590009802676768,13.543059745574377,54.618471382398575,1.3449314940755512,-2.488004511133676,2.0161913232926816,-0.30113675395601813,1.0212934293860085,1.0212934293860085,1.1079917074575376,0.6000056753487407,0.6000056753487407
8,2026-01-02 02:35:32.295500+00:00,2026-01-02 02:35:32.545500+00:00,110.71302651170734,20.291576244643668,16.154348778201037,54.81347553368585,2.392138188430065,-2.436841141843792,2.572305117637956,0.05116336928988385,0.352300123245902,0.352300123245902,0.5561137943452743,-0.5518779131122633,0.5518779131122633
9,2026-01-02 02:35:35.630000+00:00,2026-01-02 02:35:35.880000+00:00,25.34369326160271,15.888262354922126,120.53024907819942,34.22509574979757,3.6790360107363593,3.009655806034022,2.547992358730553,-0.8366883593017722,-0.8878517285916561,0.8878517285916561,-0.02431275890740281,-0.5804265532526771,0.5804265532526771
9,2026-01-02 02:35:35.755000+00:00,2026-01-02 02:35:36.005000+00:00,13.533006758703706,16.75709255673749,135.46018107458445,25.548270293384558,3.765078690081749,2.718516306208999,2.3999103614561235,-0.29113949982502296,0.5455488594767492,0.5455488594767492,-0.1480819972744296,-0.1237692383670268,0.1237692383670268
9,2026-01-02 02:35:35.880000+00:00,2026-01-02 02:35:36.130000+00:00,20.525578978736263,11.883441132153273,140.65838686861247,27.435787788619287,2.6292433480283397,2.78437925375978,2.6726299299704186,0.06586294755078059,0.35700244737580356,0.35700244737580356,0.27271956851429513,0.42080156578872474,0.42080156578872474
9,2026-01-02 02:35:36.005000+00:00,2026-01-02 02:35:36.255000+00:00,55.944883057428115,9.28935344818453,110.33251497749308,37.914994281450475,1.6376106714223617,3.116972516768708,2.7040683155781347,0.3325932630089281,0.2667303154581475,0.2667303154581475,0.03143838560771606,-0.24128118290657907,0.24128118290657907
9,2026-01-02 02:35:36.130000+00:00,2026-01-02 02:35:36.380000+00:00,141.4416157537392,11.486933391992913,53.50087738231103,29.618241746017667,1.8157867094700486,-2.9611970936641994,0.8890708995150484,0.20501569674667966,-0.12757756626224845,0.12757756626224845,-1.8149974160630862,-1.8464358016708022,1.8464358016708022
9,2026-01-02 02:35:36.255000+00:00,2026-01-02 02:35:36.505000+00:00,251.37106689802232,23.603447699047848,29.028997188245167,17.412424672858812,2.5779641550534853,0.5162612062476999,1.0240091426181206,-2.8057270072676874,-3.0107427040143673,3.0107427040143673,0.13493824310307223,1.9499356591661585,1.9499356591661585
9,2026-01-02 02:35:36.380000+00:00,2026-01-02 02:35:36.630000+00:00,297.4782971905104,38.579449147728624,45.730534033432946,15.51495307365522,3.02601765325994,0.8858548233510635,1.689308432875056,0.3695936171033636,-3.1078646828085357,3.1078646828085357,0.6652992902569355,0.5303610471538632,0.5303610471538632
9,2026-01-02 02:35:36.505000+00:00,2026-01-02 02:35:36.755000+00:00,275.40847012521425,31.565624967726897,62.14794135611564,14.25866964176551,6.071770491799009,0.7858145371178151,1.23455500299073,-0.10004028623324834,-0.469633903336612,0.469633903336612,-0.4547534298843261,-1.1200527201412616,1.1200527201412616
9,2026-01-02 02:35:36.630000+00:00,2026-01-02 02:35:36.880000+00:00,298.90195462026963,14.137359843708222,50.17914888510177,14.468915969324927,9.156485315794239,-0.3500849367892279,1.1280685974123743,-1.1358994739070432,-1.0358591876737948,1.0358591876737948,-0.10648640557835565,0.34826702430597045,0.34826702430597045
9,2026-01-02 02:35:36.755000+00:00,2026-01-02 02:35:37.005000+00:00,369.54003791981563,6.1662880897864785,27.987610692932705,18.293713060812017,7.419271065472014,-0.6530421331088064,1.4931662318020504,-0.3029571963195785,0.8329422775874646,0.8329422775874646,0.36509763438967613,0.4715840399680318,0.4715840399680318
9,2026-01-02 02:35:36.880000+00:00,2026-01-02 02:35:37.130000+00:00,347.9073583928156,4.295528764708171,28.00710618873201,19.88572615950116,4.743803488363195,-0.6602841474888523,1.095787273750412,-0.007242014380045902,0.2957151819395326,0.2957151819395326,-0.3973789580516385,-0.7624765924413146,0.7624765924413146
9,2026-01-02 02:35:37.005000+00:00,2026-01-02 02:35:37.255000+00:00,229.2393320706816,5.974288706958616,40.13330353298784,20.15689753608942,4.226608410611306,-0.9107041480367185,0.5028328549497688,-0.2504200005478662,-0.24317798616782027,0.24317798616782027,-0.5929544188006431,-0.19557546074900467,0.19557546074900467
9,2026-01-02 02:35:37.130000+00:00,2026-01-02 02:35:37.380000+00:00,166.77153583753625,6.583948241546918,44.372429634429224,23.430679263890788,5.277911754591066,-1.7406766358522392,0.6503791032894156,-0.8299724878155206,-0.5795524872676544,0.5795524872676544,0.1475462483396468,0.74050066714029,0.74050066714029
9,2026-01-02 02:35:37.255000+00:00,2026-01-02 02:35:37.505000+00:00,181.85309151924918,5.554888216077522,40.56787916552344,22.50384507201955,5.779727735586055,-1.4740206985476783,0.7556603792542997,0.26665593730456094,1.0966284251200815,1.0966284251200815,0.10528127596488412,-0.04226497237476268,0.04226497237476268
9,2026-01-02 02:35:37.380000+00:00,2026-01-02 02:35:37.630000+00:00,175.70810351327037,10.340383377093767,30.701379475982275,19.01807430051626,4.345920952329434,-0.5905839386675401,0.5559539237886802,0.8834367598801381,0.6167808225755772,0.6167808225755772,-0.1997064554656195,-0.3049877314305036,0.3049877314305036
10,2026-01-02 02:35:41.410000+00:00,2026-01-02 02:35:41.660000+00:00,851.701391891025,21.003759827670606,74.38465856921296,21.661132294461297,4.045685695105551,0.34665344431016676,1.5979281015430495,0.9372373829777069,0.05380062309756872,0.05380062309756872,1.0419741777543692,1.2416806332199886,1.2416806332199886
10,2026-01-02 02:35:41.535000+00:00,2026-01-02 02:35:41.785000+00:00,776.1929426237311,19.70055540048439,44.86918104978379,24.898758086548604,3.539349657084508,0.022169127463888025,1.53351149637763,-0.3244843168462787,-1.2617216998239855,1.2617216998239855,-0.06441660516541958,-1.1063907829197888,1.1063907829197888
10,2026-01-02 02:35:41.660000+00:00,2026-01-02 02:35:41.910000+00:00,571.9673464461639,37.14839946586376,29.100544291019567,30.102832925566176,3.0047116423807174,0.27862409258142196,1.1053744909057714,0.25645496511753396,0.5809392819638125,0.5809392819638125,-0.4281370054718585,-0.36372040030643893,0.36372040030643893
10,2026-01-02 02:35:41.785000+00:00,2026-01-02 02:35:42.035000+00:00,407.8701217130848,48.784952769073634,16.467270203749308,31.175007889575834,4.044555485120308,0.38183502168012223,1.0162831213243386,0.10321092909870028,-0.15324403601883368,0.15324403601883368,-0.08909136958143282,0.3390456358904257,0.3390456358904257
10,2026-01-02 02:35:41.910000+00:00,2026-01-02 02:35:42.160000+00:00,246.51004234326263,37.351979816983615,11.302682822738252,29.541857383470628,5.166435528929474,-0.30459842568708545,0.6455716854609338,-0.6864334473672077,-0.789644376465908,0.789644376465908,-0.3707114358634048,-0.281620066281972,0.281620066281972
10,2026-01-02 02:35:42.035000+00:00,2026-01-02 02:35:42.285000+00:00,120.22903268297782,34.763274839961866,11.295084686651592,20.746539576635517,3.8537113937941863,0.4136122001103331,0.8680856253258962,0.7182106257974186,1.4046440731646261,1.4046440731646261,0.22251393986496237,0.5932253757283672,0.5932253757283672
10,2026-01-02 02:35:42.160000+00:00,2026-01-02 02:35:42.410000+00:00,69.00965521759869,34.23018521468397,14.294737217498174,13.505241215254435,2.701655114635392,0.7094767531797724,1.3866489083731819,0.2958645530694394,-0.4223460727279792,0.4223460727279792,0.5185632830472857,0.29604934318232334,0.29604934318232334
10,2026-01-02 02:35:42.285000+00:00,2026-01-02 02:35:42.535000+00:00,54.735024666576024,19.003739551535205,18.459259941312315,18.260098152812336,4.233004815251841,-0.16387829678788204,0.4992536940434452,-0.8733550499676545,-1.1692196030370938,1.1692196030370938,-0.8873952143297367,-1.4059584973770223,1.4059584973770223
10,2026-01-02 02:35:42.410000+00:00,2026-01-02 02:35:42.660000+00:00,49.85156922004106,12.320088578217746,23.69161743122504,21.460957162523844,6.1643242371976275,-1.3317253279397123,0.7310998531634052,-1.1678470311518303,-0.29449198118417586,0.29449198118417586,0.23184615911995998,1.1192413734496967,1.1192413734496967
10,2026-01-02 02:35:42.535000+00:00,2026-01-02 02:35:42.785000+00:00,56.60768865208381,18.944802853289417,29.168492206720813,12.926265365775045,6.729208557435342,-0.04724927386483519,0.8073380950435982,1.2844760540748772,2.4523230852267073,2.4523230852267073,0.07623824188019301,-0.15560791723976697,0.15560791723976697
10,2026-01-02 02:35:42.660000+00:00,2026-01-02 02:35:42.910000+00:00,47.30410221313359,21.310417323074894,24.74341579021005,7.981144776778845,7.289638823105337,0.13231828354199135,1.2713028484519953,0.17956755740682653,-1.1049084966680507,1.1049084966680507,0.46396475340839705,0.38772651152820403,0.38772651152820403
10,2026-01-02 02:35:42.785000+00:00,2026-01-02 02:35:43.035000+00:00,20.324479256238057,14.172877491321518,14.839886444707695,10.407841509395197,6.18865829356344,-0.17853807707420385,1.0628009379366945,-0.31085636061619526,-0.49042391802302177,0.49042391802302177,-0.20850191051530076,-0.6724666639236978,0.6724666639236978
10,2026-01-02 02:35:42.910000+00:00,2026-01-02 02:35:43.160000+00:00,8.852819909956342,6.238535571009182,8.936676101850423,11.530650663879472,3.4799329191225765,-0.2716309011694804,0.8432881961687451,-0.09309282409527656,0.2177635365209187,0.2177635365209187,-0.21951274176794944,-0.011010831252648678,0.011010831252648678
10,2026-01-02 02:35:43.035000+00:00,2026-01-02 02:35:43.285000+00:00,15.211161242925048,4.762990781325552,5.832152757478732,11.985643712948251,2.556523660245429,-0.2601200613057099,0.8171232267425305,0.011510839863770495,0.10460366395904704,0.10460366395904704,-0.0261649694262146,0.19334777234173484,0.19334777234173484
10,2026-01-02 02:35:43.160000+00:00,2026-01-02 02:35:43.410000+00:00,32.210904415410226,10.743948524537593,4.2280068577808345,13.180468491275128,2.236379277008197,-0.024288295863020292,0.8379347059180601,0.23583176544268963,0.22432092557891914,0.22432092557891914,0.020811479175529612,0.046976448601744214,0.046976448601744214
11,2026-01-02 02:35:47.649000+00:00,2026-01-02 02:35:47.899000+00:00,23.735121943270823,11.01571973476435,30.289547454394047,31.93297129491508,4.7945532694540605,-2.2559979822453053,1.3110544583620445,-2.231709686382285,-2.467541451824975,2.467541451824975,0.4731197524439844,0.4523082732684548,0.4523082732684548
11,2026-01-02 02:35:47.774000+00:00,2026-01-02 02:35:48.024000+00:00,48.94398321384592,8.30246737270397,48.68655195194945,27.771780951709776,8.477003026502667,-2.059941603400308,1.367650400252535,0.19605637884499713,2.4277660652272823,2.4277660652272823,0.05659594189049044,-0.41652381055349397,0.41652381055349397
11,2026-01-02 02:35:47.899000+00:00,2026-01-02 02:35:48.149000+00:00,66.1522197673209,8.369435342983323,37.62939523821381,14.882660981762971,9.317302285180851,-0.9774457425131408,0.9700113598858479,1.0824958608871675,0.8864394820421704,0.8864394820421704,-0.39763904036668707,-0.4542349822571775,0.4542349822571775
11,2026-01-02 02:35:48.024000+00:00,2026-01-02 02:35:48.274000+00:00,54.75794278729365,9.123596067299381,18.219165129285983,10.126894468844736,6.225678113082524,-0.3041851453760309,1.0928059821140295,0.6732605971371098,-0.4092352637500577,0.4092352637500577,0.1227946222281816,0.5204336625948687,0.5204336625948687
11,2026-01-02 02:35:48.149000+00:00,2026-01-02 02:35:48.399000+00:00,46.301552569066615,9.127310385692208,10.733078957779064,12.138594679441747,3.3103926882689274,-0.11682326312214258,0.8750490886301181,0.18736188225388833,-0.4858987148832215,0.4858987148832215,-0.21775689348391136,-0.34055151571209297,0.34055151571209297
11,2026-01-02 02:35:48.274000+00:00,2026-01-02 02:35:48.524000+00:00,73.24980111126678,10.217997155031343,8.443350160579383,13.18584953286987,2.0614453684869534,0.04326602735319909,0.8641570822244288,0.16008929047534168,-0.027272591778546657,0.027272591778546657,-0.010892006405689325,0.20686488707822204,0.20686488707822204
11,2026-01-02 02:35:48.399000+00:00,2026-01-02 02:35:48.649000+00:00,94.62299892402932,10.815214343208934,11.716532575328033,9.13580294495267,2.050086351554991,0.26112195862801507,1.1987432375759566,0.21785593127481598,0.0577666407994743,0.0577666407994743,0.3345861553515278,0.34547816175721713,0.34547816175721713
11,2026-01-02 02:35:48.524000+00:00,2026-01-02 02:35:48.774000+00:00,81.1438973315761,15.662396745445857,16.69934641984119,5.468556899318276,2.3858365682074303,0.46847975271768366,1.534196699469358,0.2073577940896686,-0.010498137185147388,0.010498137185147388,0.33545346189340153,0.0008673065418737247,0.0008673065418737247
11,2026-01-02 02:35:48.649000+00:00,2026-01-02 02:35:48.899000+00:00,52.54462365958173,21.851979770175035,19.439394803371457,7.722211549413537,2.880134488580193,0.5784172539588396,1.4131524844929289,0.10993750124115592,-0.09742029284851267,0.09742029284851267,-0.12104421497642925,-0.4564976768698308,0.4564976768698308
11,2026-01-02 02:35:48.774000+00:00,2026-01-02 02:35:49.024000+00:00,33.36532850650573,17.031219462170252,29.046962987160143,15.50216062350491,4.47271465699575,0.18851542987515932,0.4416373896357457,-0.38990182408368024,-0.49983932532483616,0.49983932532483616,-0.9715150948571831,-0.8504708798807539,0.8504708798807539
11,2026-01-02 02:35:48.899000+00:00,2026-01-02 02:35:49.149000+00:00,31.471822019471546,10.032595612170903,32.35513255873983,32.351385944312455,4.824233767989378,-2.2695304743710563,1.3740565110816945,-2.4580459042462155,-2.0681440801625355,2.0681440801625355,0.9324191214459487,1.9039342163031319,1.9039342163031319
11,2026-01-02 02:35:49.024000+00:00,2026-01-02 02:35:49.274000+00:00,35.81818691460066,11.321835018280462,20.72546364468604,43.23377247939448,2.656399349704477,-2.401827912302098,2.0649940943728877,-0.13229743793104154,2.325748466315174,2.325748466315174,0.6909375832911933,-0.24148153815475548,0.24148153815475548
11,2026-01-02 02:35:49.149000+00:00,2026-01-02 02:35:49.399000+00:00,45.69272077717507,12.305149232907292,14.987110823549857,36.01080248656568,1.2490923381723285,-2.407063647264383,1.2734208825807438,-0.005235734962285132,0.1270617029687564,0.1270617029687564,-0.7915732117921439,-1.4825107950833372,1.4825107950833372
11,2026-01-02 02:35:49.274000+00:00,2026-01-02 02:35:49.524000+00:00,60.33776963846503,7.330530514175412,15.246690970635596,26.092469084600367,2.0007810303051006,-1.924992636500548,0.6803942388347632,0.48207101076383485,0.4873067457261199,0.4873067457261199,-0.5930266437459806,0.19854656804616333,0.19854656804616333
11,2026-01-02 02:35:49.399000+00:00,2026-01-02 02:35:49.649000+00:00,58.36095115391413,4.485753240932814,13.010699392868062,23.874215007538954,3.579416940215539,-1.5791861489396717,0.8875082896555075,0.3458064875608764,-0.13626452320295845,0.13626452320295845,0.2071140508207443,0.8001406945667249,0.8001406945667249
12,2026-01-02 02:35:59.447000+00:00,2026-01-02 02:35:59.697000+00:00,62.65203584510985,12.48236107645517,55.690878881996156,9.299341751875403,2.696752579891351,1.160311868769996,0.8917832486142476,2.7394980177096677,2.393691530148791,2.393691530148791,0.004274958958740083,-0.20283909186200422,0.20283909186200422
12,2026-01-02 02:35:59.572000+00:00,2026-01-02 02:35:59.822000+00:00,47.72983969464105,23.10311250099084,59.47213738101649,9.351051405974511,3.7722433459344074,1.202623714867174,1.1850524813768326,0.04231184609717786,-2.69718617161249,2.69718617161249,0.293269232762585,0.2889942738038449,0.2889942738038449
12,2026-01-02 02:35:59.697000+00:00,2026-01-02 02:35:59.947000+00:00,67.21702908691121,38.145998850858405,54.58070487988197,18.650437771982137,3.25526852611348,1.5144247392675414,1.2105110462980373,0.3118010244003675,0.26948917830318964,0.26948917830318964,0.025458564921204685,-0.2678106678413803,0.2678106678413803
12,2026-01-02 02:35:59.822000+00:00,2026-01-02 02:36:00.072000+00:00,177.37503037911415,50.103333058818336,49.96672869282585,28.127213703315476,1.6670847323100637,1.6788465260761474,1.3527157787971682,0.16442178680860597,-0.14737923759176152,0.14737923759176152,0.1422047324991309,0.11674616757792622,0.11674616757792622
12,2026-01-02 02:35:59.947000+00:00,2026-01-02 02:36:00.197000+00:00,616.1605694302318,115.74321083624777,49.321921363386764,21.393088110435375,2.4134779743482997,1.0378136245589171,4.689664441245932,-0.6410329015172301,-0.8054546883258361,0.8054546883258361,3.336948662448764,3.1947439299496327,3.1947439299496327
12,2026-01-02 02:36:00.072000+00:00,2026-01-02 02:36:00.322000+00:00,1321.104564355056,212.40731448885285,43.24675007103898,15.98826419471499,3.779197286910524,0.9030942312375969,9.772423436807658,-0.13471939332132019,0.5063135081959099,0.5063135081959099,5.0827589955617265,1.7458103331129626,1.7458103331129626
12,2026-01-02 02:36:00.197000+00:00,2026-01-02 02:36:00.447000+00:00,1548.523138089261,205.77313832471071,43.08857406101396,22.213950723631484,2.682754549070131,0.8715045514359032,9.489682902797863,-0.03158967980169369,0.1031297135196265,0.1031297135196265,-0.28274053400979504,-5.3654995295715215,5.3654995295715215
12,2026-01-02 02:36:00.322000+00:00,2026-01-02 02:36:00.572000+00:00,1028.852033786183,106.50967987410723,47.74633851949115,23.509775753984695,1.8647345920237521,0.841284386736361,4.887611142101876,-0.03022016469954225,0.0013695151021514416,0.0013695151021514416,-4.602071760695988,-4.3193312266861925,4.3193312266861925
12,2026-01-02 02:36:00.447000+00:00,2026-01-02 02:36:00.697000+00:00,471.1719302451943,30.1170778981918,37.56976907104129,21.639673422466164,1.9951116868498073,0.5809831262212785,1.319807015347932,-0.2603012605150825,-0.23008109581554026,0.23008109581554026,-3.567804126753944,1.0342676339420436,1.0342676339420436
12,2026-01-02 02:36:00.572000+00:00,2026-01-02 02:36:00.822000+00:00,256.62239223418794,6.94059987486434,22.38566077134211,22.577429628800395,1.5876026814030808,-0.6750788918009543,0.5189562975397264,-1.2560620180222326,-0.9957607575071501,0.9957607575071501,-0.8008507178082056,2.7669534089457386,2.7669534089457386
12,2026-01-02 02:36:00.697000+00:00,2026-01-02 02:36:00.947000+00:00,168.1398260065406,2.321225426784856,14.38502028186355,20.851096401967958,1.644175715835887,-0.9541460481929204,0.6340466279305744,-0.2790671563919661,0.9769948616302665,0.9769948616302665,0.11509033039084804,0.9159410481990536,0.9159410481990536
12,2026-01-02 02:36:00.822000+00:00,2026-01-02 02:36:01.072000+00:00,119.18948774451874,1.7322331119678975,8.108467127156638,18.490723172205186,2.128475877890367,-0.8270530109250571,0.770066222800003,0.12709303726786325,0.40616019365982936,0.40616019365982936,0.1360195948694286,0.020929264478580567,0.020929264478580567
12,2026-01-02 02:36:00.947000+00:00,2026-01-02 02:36:01.197000+00:00,84.06086053225786,4.812821863559634,3.228799808046112,16.76743579379636,1.6936018174759042,-0.5086517997236492,0.7406748586905723,0.31840121120140796,0.1913081739335447,0.1913081739335447,-0.029391364109430773,-0.16541095897885938,0.16541095897885938
12,2026-01-02 02:36:01.072000+00:00,2026-01-02 02:36:01.322000+00:00,78.9034799953719,22.2963517837199,2.104449912525997,13.25739013882474,1.688994221481522,0.3938926560044976,1.2046513584149792,0.9025444557281468,0.5841432445267388,0.5841432445267388,0.4639764997244069,0.4933678638338377,0.4933678638338377
12,2026-01-02 02:36:01.197000+00:00,2026-01-02 02:36:01.447000+00:00,310.72332995091267,73.1853769710037,3.0770062819147563,10.440701217809561,3.4505962101193317,0.7121893666984372,3.4821048453811976,0.31829671069393967,-0.5842477450342072,0.5842477450342072,2.2774534869662184,1.8134769872418115,1.8134769872418115
13,2026-01-02 02:36:05.896500+00:00,2026-01-02 02:36:06.146500+00:00,1849.630080789991,68.34685682993047,59.88268891052839,18.944896825668113,1.8321603871653154,0.46653376617897513,5.77959924178121,-0.24565560051946214,-0.5639523112134018,0.5639523112134018,2.2974943964000127,0.02004090943379433,0.02004090943379433
13,2026-01-02 02:36:06.021500+00:00,2026-01-02 02:36:06.271500+00:00,797.6842328476196,31.683928246712668,38.82747857357049,21.505721464660752,1.8359532581299338,0.3926465612783386,2.1658788125857877,-0.07388720490063655,0.1717683956188256,0.1717683956188256,-3.6137204291954226,-5.911214825595435,5.911214825595435
13,2026-01-02 02:36:06.146500+00:00,2026-01-02 02:36:06.396500+00:00,285.34474699682846,23.15283039023331,24.00012411196626,19.838879991626065,2.1870384091638813,0.3884655232357691,0.9458804893907539,-0.004181038042569474,0.06970616685806709,0.06970616685806709,-1.2199983231950338,2.393722106000389,2.393722106000389
13,2026-01-02 02:36:06.271500+00:00,2026-01-02 02:36:06.521500+00:00,119.37119427794018,12.17176647948152,20.087283276294723,15.999342251071816,3.3619192566567158,-0.11203655229218357,0.6817234191029331,-0.5005020755279527,-0.49632103748538314,0.49632103748538314,-0.26415707028782076,0.955841252907213,0.955841252907213
13,2026-01-02 02:36:06.396500+00:00,2026-01-02 02:36:06.646500+00:00,56.184039914681804,4.035961924845969,14.887585406331773,18.507156490083304,3.510014869222786,-1.0734409896255745,0.6785035532664677,-0.961404437333391,-0.4609023618054383,0.4609023618054383,-0.0032198658364653854,0.2609372044513554,0.2609372044513554
13,2026-01-02 02:36:06.521500+00:00,2026-01-02 02:36:06.771500+00:00,20.202926363470233,4.0591885477977865,9.53766675991176,21.576349625332796,2.8883378818320686,-1.4733469210158907,0.732734143764556,-0.3999059313903161,0.5614985059430748,0.5614985059430748,0.054230590498088316,0.0574504563345537,0.0574504563345537
13,2026-01-02 02:36:06.646500+00:00,2026-01-02 02:36:06.896500+00:00,9.691828018617176,4.353361554161917,11.111865751159478,21.600962990932622,3.1613045297316273,-1.5301377439123502,0.7399320508410282,-0.056790822896459536,0.34311510849385657,0.34311510849385657,0.007197907076472165,-0.04703268342161615,0.04703268342161615
13,2026-01-02 02:36:06.771500+00:00,2026-01-02 02:36:07.021500+00:00,13.52069569309868,3.2389249733617973,15.716318550565433,21.053151014572688,3.025271896860681,-1.599902708352613,0.6764520193241624,-0.0697649644402627,-0.012974141543803164,0.012974141543803164,-0.06348003151686576,-0.07067793859333793,0.07067793859333793
13,2026-01-02 02:36:06.896500+00:00,2026-01-02 02:36:07.146500+00:00,15.006910811580108,3.43573279945732,15.119046243469917,19.730159979168327,2.1048342346031816,-1.472250781077415,0.47779299805321185,0.12765192727519792,0.19741689171546062,0.19741689171546062,-0.1986590212709506,-0.13517898975408482,0.13517898975408482
13,2026-01-02 02:36:07.021500+00:00,2026-01-02 02:36:07.271500+00:00,17.983698094401284,6.132604629491571,12.986159225381876,16.4447524078786,1.8547665591127465,-0.5184375771810512,0.39643570864487815,0.9538132038963638,0.8261612766211658,0.8261612766211658,-0.0813572894083337,0.11730173186261689,0.11730173186261689
13,2026-01-02 02:36:07.146500+00:00,2026-01-02 02:36:07.396500+00:00,27.83990202634189,7.625260388595818,15.723051566636578,11.451302953110789,2.888677553524461,-0.00023281268162443714,0.7430723932083833,0.5182047644994268,-0.4356084393969371,0.4356084393969371,0.3466366845635051,0.4279939739718388,0.4279939739718388
13,2026-01-02 02:36:07.271500+00:00,2026-01-02 02:36:07.521500+00:00,43.05615857824495,7.259576915604545,16.271991806585653,9.10439682352695,3.915650386785653,-0.035924932018502276,0.9852431118320581,-0.03569211933687784,-0.5538968838363046,0.5538968838363046,0.2421707186236749,-0.10446596593983021,0.10446596593983021
13,2026-01-02 02:36:07.396500+00:00,2026-01-02 02:36:07.646500+00:00,51.70825721527291,12.210690158908232,14.892813258502496,11.41976286855687,4.052603860311302,-0.005201734374616671,0.935817313512159,0.030723197643885605,0.06641531698076344,0.06641531698076344,-0.04942579831989913,-0.291596516943574,0.291596516943574
13,2026-01-02 02:36:07.521500+00:00,2026-01-02 02:36:07.771500+00:00,42.206958451072296,17.042442824065063,35.962947836641234,20.172169726532502,3.8063299521880625,2.227118162757024,0.0335598670488657,2.2323198971316405,2.2015966994877547,2.2015966994877547,-0.9022574464632933,-0.8528316481433942,0.8528316481433942
13,2026-01-02 02:36:07.646500+00:00,2026-01-02 02:36:07.896500+00:00,28.541218775064394,14.040864309863808,95.62859053094289,27.53705496301326,3.0869862846813074,2.9157274354883893,1.713125814249844,0.6886092727313655,-1.543710624400275,1.543710624400275,1.6795659472009783,2.581823393664272,2.581823393664272
14,2026-01-02 02:36:11.788500+00:00,2026-01-02 02:36:12.038500+00:00,1534.401114676947,9.677194929454856,41.46733923561228,17.86806962835726,18.26642697494562,-0.4262948492182289,5.207875355465276,2.9411630224729683,2.252553749741603,2.252553749741603,3.494749541215432,1.8151835940144538,1.8151835940144538
14,2026-01-02 02:36:11.913500+00:00,2026-01-02 02:36:12.163500+00:00,1196.035652724367,6.479584914032921,40.828987843389406,14.54503908745465,9.02282491708159,-0.21316752080636053,3.6658144949488607,0.21312732841186838,-2.7280356940611,2.7280356940611,-1.5420608605164157,-5.036810401731848,5.036810401731848
14,2026-01-02 02:36:12.038500+00:00,2026-01-02 02:36:12.288500+00:00,877.2501452359973,13.18987460429782,38.03003101654315,13.00393819544356,1.9531846190140614,0.20468526399476136,2.667962520143178,0.41785278480112187,0.20472545638925352,0.20472545638925352,-0.9978519748056827,0.544208885710733,0.544208885710733
14,2026-01-02 02:36:12.163500+00:00,2026-01-02 02:36:12.413500+00:00,617.492109420213,31.358698439925956,41.51473309367948,9.248371531357689,1.511008526735603,0.5845681616961648,2.762122981507449,0.3798828977014034,-0.03796988709971849,0.03796988709971849,0.09416046136427081,1.0920124361699535,1.0920124361699535
14,2026-01-02 02:36:12.288500+00:00,2026-01-02 02:36:12.538500+00:00,375.39963984292046,43.17379341663615,48.63520766535612,22.538205732783126,1.8150977602719733,1.0651583386282077,1.5232071622313956,0.480590176932043,0.1007072792306396,0.1007072792306396,-1.2389158192760532,-1.333076280640324,1.333076280640324
14,2026-01-02 02:36:12.413500+00:00,2026-01-02 02:36:12.663500+00:00,167.76765880663268,32.22076235317624,44.5374994632417,45.33604429659824,2.592296671246659,-2.86962771394312,1.5222398375279858,2.348399254608259,1.867809077676216,1.867809077676216,-0.0009673247034098775,1.2379484945726433,1.2379484945726433
14,2026-01-02 02:36:12.538500+00:00,2026-01-02 02:36:12.788500+00:00,55.97609895647173,12.635996620562729,24.277430206908335,45.22935434942307,3.680254701725933,-2.3747481501032124,2.2317863800985953,0.4948795638399077,-1.8535196907683513,1.8535196907683513,0.7095465425706096,0.7105138672740194,0.7105138672740194
14,2026-01-02 02:36:12.663500+00:00,2026-01-02 02:36:12.913500+00:00,26.579060432866825,5.016220610660326,7.976777576833782,32.218809900476,3.7927858399689365,-1.966538615599424,1.5043888181719252,0.4082095345037884,-0.08667002933611934,0.08667002933611934,-0.7273975619266702,-1.4369441044972797,1.4369441044972797
14,2026-01-02 02:36:12.788500+00:00,2026-01-02 02:36:13.038500+00:00,23.66009644651195,14.611756567964422,5.506743761913571,23.072496461358675,3.561977006011614,-1.218275067016783,0.593476896972366,0.748263548582641,0.34005401407885266,0.34005401407885266,-0.9109119211995591,-0.18351435927288895,0.18351435927288895
14,2026-01-02 02:36:12.913500+00:00,2026-01-02 02:36:13.163500+00:00,24.316112000751637,27.489139451568875,10.958866350598505,14.478974324924271,2.92923594690944,0.5560872345987505,0.9961769260762604,1.7743623016155334,1.0260987530328924,1.0260987530328924,0.40270002910389435,1.3136119503034536,1.3136119503034536
14,2026-01-02 02:36:13.038500+00:00,2026-01-02 02:36:13.288500+00:00,27.42032956608759,23.509850947332698,18.502118719391667,8.85642757881979,2.079420171886074,0.7060885673093906,1.3575310461481114,0.1500013327106401,-1.6243609689048935,1.6243609689048935,0.36135412007185097,-0.04134590903204338,0.04134590903204338
14,2026-01-02 02:36:13.163500+00:00,2026-01-02 02:36:13.413500+00:00,28.48792072169228,11.384152312027533,18.1346486176325,5.7618375861127795,2.506115459429071,0.42872288535310504,1.2448804298493055,-0.2773656819562856,-0.42736701466692567,0.42736701466692567,-0.1126506162988059,-0.4740047363706569,0.4740047363706569
14,2026-01-02 02:36:13.288500+00:00,2026-01-02 02:36:13.538500+00:00,18.450693049966517,8.422017424811639,10.760550702117662,8.811961925113994,3.1706221464976627,0.061541420540879105,1.01307044014993,-0.3671814648122259,-0.08981578285594033,0.08981578285594033,-0.2318099896993755,-0.11915937340056959,0.11915937340056959
14,2026-01-02 02:36:13.413500+00:00,2026-01-02 02:36:13.663500+00:00,6.842482629032777,11.459432632551227,9.960449592454463,14.98960755699332,3.3441532064295423,-0.2821545066539371,0.6278148338563175,-0.34369592719481623,0.02348553761740968,0.02348553761740968,-0.38525560629361244,-0.15344561659423694,0.15344561659423694
14,2026-01-02 02:36:13.538500+00:00,2026-01-02 02:36:13.788500+00:00,5.273967181194464,14.777574078740932,23.942016143775987,16.96732865641957,3.59564632173964,-0.05019017568549193,0.2724463293824392,0.23196433096844518,0.5756602581632614,0.5756602581632614,-0.35536850447387835,0.029887101819734085,0.029887101819734085
15,2026-01-02 02:36:18.517000+00:00,2026-01-02 02:36:18.767000+00:00,94.43027429025688,46.962186418391944,69.60938127096391,30.17628729023174,2.0950599483050936,2.1606249439126235,1.56990341079841,2.2108151195981156,1.9788507886296705,1.9788507886296705,1.297457081415971,1.6528255858898493,1.6528255858898493
15,2026-01-02 02:36:18.642000+00:00,2026-01-02 02:36:18.892000+00:00,58.83146102543043,20.590822913128598,120.58299234346217,32.41449737826722,2.342073771594884,2.8091547028708503,2.4464140466669058,0.6485297589582268,-1.5622853606398888,1.5622853606398888,0.8765106358684958,-0.4209464455474752,0.4209464455474752
15,2026-01-02 02:36:18.767000+00:00,2026-01-02 02:36:19.017000+00:00,35.76457051084769,17.54138410015224,123.2937882878995,30.47531954056879,3.3446982846190476,2.854515485223511,2.3730330051628035,0.0453607823526605,-0.6031689766055663,0.6031689766055663,-0.0733810415041023,-0.949891677372598,0.949891677372598
15,2026-01-02 02:36:18.892000+00:00,2026-01-02 02:36:19.142000+00:00,36.22861164591586,21.163756725289204,67.37210460645659,27.385621659840712,3.2608780330182494,2.8811765250756394,1.0954743727046523,0.026661039852128532,-0.018699742500531972,0.018699742500531972,-1.2775586324581512,-1.2041775909540489,1.2041775909540489
15,2026-01-02 02:36:19.017000+00:00,2026-01-02 02:36:19.267000+00:00,38.736500701410506,24.06700796831488,23.021034210162235,31.12254079953776,3.1154671890287813,-2.5798862832821485,0.6218865290675842,0.8221224988217986,0.79546145896967,0.79546145896967,-0.4735878436370681,0.8039707888210831,0.8039707888210831
15,2026-01-02 02:36:19.142000+00:00,2026-01-02 02:36:19.392000+00:00,24.213998500496416,15.59808916923528,15.46004920628765,34.90565562256519,4.3249107958915305,-2.1640901901961143,1.3410684666925776,0.41579609308603427,-0.4063264057357643,0.4063264057357643,0.7191819376249934,1.1927697812620615,1.1927697812620615
15,2026-01-02 02:36:19.267000+00:00,2026-01-02 02:36:19.517000+00:00,10.758129678361247,4.754173804040982,29.917378394658552,28.64011279770768,4.353903052827528,-2.1868985718827587,1.25317914825676,-0.02280838168664445,-0.4386044747726787,0.4386044747726787,-0.0878893184358176,-0.807071256060811,0.807071256060811
15,2026-01-02 02:36:19.392000+00:00,2026-01-02 02:36:19.642000+00:00,16.90777548424678,1.5853397244136453,44.149922150115586,14.430491891884117,3.2157251623418173,-2.0965279651967754,0.08428277152602072,0.09037060668598329,0.11317898837262774,0.11317898837262774,-1.1688963767307392,-1.0810070582949216,1.0810070582949216
15,2026-01-02 02:36:19.517000+00:00,2026-01-02 02:36:19.767000+00:00,29.42134614597361,5.702277499905154,40.12693325554564,8.709923722061255,2.8073175156636982,0.6590058248552578,0.6262190264083413,2.7555337900520334,2.66516318336605,2.66516318336605,0.5419362548823206,1.7108326316130598,1.7108326316130598
15,2026-01-02 02:36:19.642000+00:00,2026-01-02 02:36:19.892000+00:00,26.851565616380068,16.983032175732642,29.714078022580455,14.734554158446159,3.980403906531192,0.4305177445403898,0.47848912967752394,-0.228488080314868,-2.9840218703669015,2.9840218703669015,-0.14772989673081732,-0.6896661516131379,0.6896661516131379
15,2026-01-02 02:36:19.767000+00:00,2026-01-02 02:36:20.017000+00:00,21.204068854842525,22.11726548568089,22.987624281452106,18.00814465213539,5.794852596626381,-0.2615736158719775,0.4677275260129737,-0.6920913604123673,-0.46360328009749935,0.46360328009749935,-0.010761603664550257,0.13696829306626707,0.13696829306626707
15,2026-01-02 02:36:19.892000+00:00,2026-01-02 02:36:20.142000+00:00,26.07233899539107,13.111187219820915,17.498244911199365,13.680538643411799,5.782748871781079,-0.3838295012198512,0.8127591779516659,-0.12225588534787368,0.5698354750644936,0.5698354750644936,0.3450316519386922,0.35579325560324243,0.35579325560324243
15,2026-01-02 02:36:20.017000+00:00,2026-01-02 02:36:20.267000+00:00,50.93778623424643,6.169185552659478,24.315816276733585,13.796875876702448,7.442670195027256,-0.8107119357405974,1.001822781679329,-0.42688243452074626,-0.3046265491728726,0.3046265491728726,0.18906360372766318,-0.155968048211029,0.155968048211029
15,2026-01-02 02:36:20.142000+00:00,2026-01-02 02:36:20.392000+00:00,94.01030414728118,7.826908976272502,32.26848967862325,20.15660636644825,10.384297248281639,-1.2875748938692853,1.370023680710255,-0.47686295812868784,-0.04998052360794159,0.04998052360794159,0.368200899030926,0.17913729530326283,0.17913729530326283
15,2026-01-02 02:36:20.267000+00:00,2026-01-02 02:36:20.517000+00:00,125.71812103387118,8.491222168423233,23.95741273409371,23.00501364771428,7.984538852194524,-1.3186994432296564,1.2318432494499987,-0.031124549360371123,0.4457384087683168,0.4457384087683168,-0.13818043126025636,-0.5063813302911824,0.5063813302911824
16,2026-01-02 02:36:23.593500+00:00,2026-01-02 02:36:23.843500+00:00,1192.9183792731053,33.8942400015129,71.78036542359149,12.586097710423,2.370726361527101,0.48808993078874024,3.6277505206419542,1.8067893740183967,1.8379139233787678,1.8379139233787678,2.3959072711919553,2.5340877024522115,2.5340877024522115
16,2026-01-02 02:36:23.718500+00:00,2026-01-02 02:36:23.968500+00:00,2144.085370451614,39.24139449102221,35.5199316933343,8.413785552201624,2.3207247360061105,0.2410512256036865,7.00142234105179,-0.24703870518505378,-2.0538280792034502,2.0538280792034502,3.373671820409836,0.9777645492178806,0.9777645492178806
16,2026-01-02 02:36:23.843500+00:00,2026-01-02 02:36:24.093500+00:00,2281.6464835876645,26.086877308897723,13.792133991962935,10.233245372819587,1.8714536381535931,0.120765816241387,7.293037347325366,-0.12028540936229949,0.1267532958227543,0.1267532958227543,0.2916150062735756,-3.0820568141362603,3.0820568141362603
16,2026-01-02 02:36:23.968500+00:00,2026-01-02 02:36:24.218500+00:00,1528.513585881139,11.376492822482078,10.214252043127857,11.631433748319303,1.8214603988802422,0.04385513594675211,4.953681762163052,-0.07691068029463488,0.04337472906766461,0.04337472906766461,-2.3393555851623136,-2.630970591435889,2.630970591435889
16,2026-01-02 02:36:24.093500+00:00,2026-01-02 02:36:24.343500+00:00,775.4093954104019,4.889954818436866,7.8071666248653875,10.391052571232597,1.7236074086042856,0.007248189341960473,2.9219990626991197,-0.036606946604791635,0.040303733689843246,0.040303733689843246,-2.0316826994639325,0.307672885698381,0.307672885698381
16,2026-01-02 02:36:24.218500+00:00,2026-01-02 02:36:24.468500+00:00,412.00631516423846,5.519306777259517,7.821540060382016,10.026544796547178,1.4750852243754806,0.051184820196908724,1.9461602312514044,0.04393663085494825,0.08054357745973989,0.08054357745973989,-0.9758388314477153,1.0558438680162172,1.0558438680162172
16,2026-01-02 02:36:24.343500+00:00,2026-01-02 02:36:24.593500+00:00,256.6264690370923,10.708284823723677,9.819701419650155,9.308402309648187,1.3758357449659535,0.2287446082844351,1.6337235388255908,0.1775597880875264,0.13362315723257814,0.13362315723257814,-0.3124366924258135,0.6634021390219018,0.6634021390219018
16,2026-01-02 02:36:24.468500+00:00,2026-01-02 02:36:24.718500+00:00,224.90891594708322,15.827954740945515,9.116031374251616,12.489662445896975,2.1305797218098323,0.20026786949152925,1.4181483351920623,-0.028476738792905854,-0.20603652688043222,0.20603652688043222,-0.21557520363352856,0.09686148879228496,0.09686148879228496
16,2026-01-02 02:36:24.593500+00:00,2026-01-02 02:36:24.843500+00:00,186.91480068168622,15.125662159100715,5.679807422924954,19.104220988603828,5.311499559412014,-0.5213496828130953,1.1751443297278787,-0.7216175523046247,-0.6931408135117187,0.6931408135117187,-0.24300400546418355,-0.027428801830654992,0.027428801830654992
16,2026-01-02 02:36:24.718500+00:00,2026-01-02 02:36:24.968500+00:00,111.55110579253098,8.672955778644916,2.104325960283186,20.48993248980695,7.0370923248298105,-0.9929432142066217,1.423625490574503,-0.4715935313935264,0.25002402091109827,0.25002402091109827,0.2484811608466242,0.49148516631080774,0.49148516631080774
16,2026-01-02 02:36:24.843500+00:00,2026-01-02 02:36:25.093500+00:00,76.2631201644053,3.1430703915323623,2.4041256506567756,15.410749761274179,3.870761684360853,-0.6933457021371565,1.0622744495052026,0.29959751206946517,0.7711910434629916,0.7711910434629916,-0.3613510410693004,-0.6098322019159246,0.6098322019159246
16,2026-01-02 02:36:24.968500+00:00,2026-01-02 02:36:25.218500+00:00,82.22572764664618,3.6801480532028945,5.913477277759249,8.435587454172143,1.219842483345169,0.10861881139358806,1.1534848303937042,0.8019645135307446,0.5023670014612794,0.5023670014612794,0.09121038088850164,0.452561421957802,0.452561421957802
16,2026-01-02 02:36:25.093500+00:00,2026-01-02 02:36:25.343500+00:00,126.30090360508999,14.924096443327363,10.306141910040225,10.784900695809922,1.0751856783549854,0.4097197649955935,1.2620865201178602,0.3011009536020054,-0.5008635599287392,0.5008635599287392,0.10860168972415596,0.017391308835654318,0.017391308835654318
16,2026-01-02 02:36:25.218500+00:00,2026-01-02 02:36:25.468500+00:00,237.57466306924093,30.35329076227436,23.38386398637202,28.777393142303183,1.1759274640442223,1.080550359195352,0.3510939060044862,0.6708305941997585,0.36972964059775315,0.36972964059775315,-0.910992614113374,-1.01959430383753,1.01959430383753
16,2026-01-02 02:36:25.343500+00:00,2026-01-02 02:36:25.593500+00:00,306.8187857284981,30.345679416394525,37.34638878439449,39.91926308319598,1.4704456332658433,-2.9462489258921054,0.6672271723019692,2.2563860220921295,1.585555427892371,1.585555427892371,0.31613326629748295,1.227125880410857,1.227125880410857
17,2026-01-02 02:36:29.952000+00:00,2026-01-02 02:36:30.202000+00:00,6.733552465980703,7.685175998306141,7.090087046644251,21.854777648571844,1.6190055611188714,-1.4803375741364238,0.45619104865950433,1.4659113517556817,-0.7904746703364478,0.7904746703364478,-0.21103612364246482,-0.5271693899399478,0.5271693899399478
17,2026-01-02 02:36:30.077000+00:00,2026-01-02 02:36:30.327000+00:00,14.29779142924598,13.098953566859072,18.716615560113006,27.412419815844864,2.1558191700185017,-2.3221456032351036,0.6407548412955869,-0.8418080290986798,-2.3077193808543615,2.3077193808543615,0.18456379263608258,0.3955999162785474,0.3955999162785474
17,2026-01-02 02:36:30.202000+00:00,2026-01-02 02:36:30.452000+00:00,42.16681439119315,14.876945744469074,37.48751596947207,26.748516605819724,4.527650771105956,-2.3826642373384073,0.6925704854053544,-0.060518634103303715,0.7812893949953761,0.7812893949953761,0.05181564410976747,-0.1327481485263151,0.1327481485263151
17,2026-01-02 02:36:30.327000+00:00,2026-01-02 02:36:30.577000+00:00,83.92618927460222,13.56102404979578,43.240606655750334,17.567069261287806,5.532000173607004,-0.5948278093791942,0.23138735691067508,1.787836427959213,1.8483550620625167,1.8483550620625167,-0.4611831284946793,-0.5129987726044467,0.5129987726044467
17,2026-01-02 02:36:30.452000+00:00,2026-01-02 02:36:30.702000+00:00,125.46404274926603,10.544939566432431,37.433544710094864,13.945662490456927,3.6043200317911186,0.2719570564037612,0.5535260586032639,0.8667848657829554,-0.9210515621762575,0.9210515621762575,0.3221387016925888,0.7833218301872681,0.7833218301872681
17,2026-01-02 02:36:30.577000+00:00,2026-01-02 02:36:30.827000+00:00,123.9831059399362,8.299866813740179,61.879645877496415,24.758849593752608,2.363580421358365,-3.1342679698631875,0.7371346031418854,2.876960280912638,2.0101754151296825,2.0101754151296825,0.18360854453862152,-0.13853015715396727,0.13853015715396727
17,2026-01-02 02:36:30.702000+00:00,2026-01-02 02:36:30.952000+00:00,69.61217949019928,13.054269244047461,129.40136217506,42.60033282705559,2.2188072196813353,3.104187843138706,3.251453453338998,-0.044729494177693035,-2.9216897750903312,2.9216897750903312,2.5143188501971125,2.3307103056584912,2.3307103056584912
17,2026-01-02 02:36:30.827000+00:00,2026-01-02 02:36:31.077000+00:00,25.670240457487502,21.7572118866834,203.64871520274474,54.774002349006935,1.4032156842284325,2.9831980901908386,5.500716607556547,-0.1209897529478674,-0.07626025877017437,0.07626025877017437,2.249263154217549,-0.2650556959795636,0.2650556959795636
17,2026-01-02 02:36:30.952000+00:00,2026-01-02 02:36:31.202000+00:00,16.470281249377212,27.09743774851902,221.37128441039906,57.217010677061936,1.909770540089803,2.9570902269224413,5.944855261063045,-0.026107863268397313,0.09488188967947009,0.09488188967947009,0.4441386535064984,-1.8051245007110506,1.8051245007110506
17,2026-01-02 02:36:31.077000+00:00,2026-01-02 02:36:31.327000+00:00,18.952488946111032,36.21811143673351,149.00869126378058,45.90777527411471,4.4813209553062014,2.9372500242989417,3.6443530019104315,-0.019840202623499614,0.006267660644897699,0.006267660644897699,-2.300502259152614,-2.7446409126591123,2.7446409126591123
17,2026-01-02 02:36:31.202000+00:00,2026-01-02 02:36:31.452000+00:00,23.47243561540726,47.84246751576548,70.17222084585461,28.88981553526772,5.766776624779911,2.311321306762813,1.1921017731768142,-0.6259287175361288,-0.6060885149126292,0.6060885149126292,-2.4522512287336173,-0.15174896958100348,0.15174896958100348
17,2026-01-02 02:36:31.327000+00:00,2026-01-02 02:36:31.577000+00:00,25.109570583016442,44.681333481994294,78.21539907237064,23.35385779755765,4.576077590911368,2.0245419264277458,1.464933966576261,-0.2867793803350671,0.33914933720106166,0.33914933720106166,0.27283219339944687,2.725083422133064,2.725083422133064
17,2026-01-02 02:36:31.452000+00:00,2026-01-02 02:36:31.702000+00:00,27.752392437656127,38.985287844456415,111.21633250317339,21.819405602924576,3.4535976228937804,2.1763127093479295,2.133670515652441,0.15177078292018376,0.4385501632552509,0.4385501632552509,0.6687365490761801,0.3959043556767332,0.3959043556767332
17,2026-01-02 02:36:31.577000+00:00,2026-01-02 02:36:31.827000+00:00,28.964609083821493,36.805694988879196,84.92282136076079,18.852091780161604,2.88803437560765,1.9366097404958922,1.690583690295365,-0.23970296885203735,-0.3914737517722211,0.3914737517722211,-0.4430868253570761,-1.1118233744332562,1.1118233744332562
17,2026-01-02 02:36:31.702000+00:00,2026-01-02 02:36:31.952000+00:00,20.737356134606806,21.819755536602422,47.31796311616408,20.67174060997639,1.9946194627454061,2.0932202961705295,0.6734992851328124,0.15661055567463733,0.3963135245266747,0.3963135245266747,-1.0170844051625525,-0.5739975798054764,0.5739975798054764
18,2026-01-02 02:36:34.767500+00:00,2026-01-02 02:36:35.017500+00:00,19.745634699224905,8.791694378056057,74.82444793381498,28.314514128010003,4.697308183124997,-2.8966898562470775,1.4230163791709023,1.293275154761979,1.1366645990873416,1.1366645990873416,0.7495170940380899,1.7666014992006422,1.7666014992006422
18,2026-01-02 02:36:34.892500+00:00,2026-01-02 02:36:35.142500+00:00,26.027022346939717,11.886701691760244,56.80041281733929,24.054095900479414,6.954971751172709,-2.3981075376987464,0.8294154136655878,0.49858231854833107,-0.7946928362136478,0.7946928362136478,-0.5936009655053145,-1.3431180595434045,1.3431180595434045
18,2026-01-02 02:36:35.017500+00:00,2026-01-02 02:36:35.267500+00:00,18.51391109809696,13.101106157244715,50.5440916079034,25.49361184678229,8.899053421262419,-2.0718048551518606,1.0811803955759782,0.32630268254688577,-0.1722796360014453,0.1722796360014453,0.25176498191039043,0.8453659474157049,0.8453659474157049
18,2026-01-02 02:36:35.142500+00:00,2026-01-02 02:36:35.392500+00:00,13.0821979757452,7.719391585238132,72.7639569601854,34.84726001053266,6.936874379158937,-2.588549579563324,2.035034852928153,-0.5167447244114634,-0.8430474069583491,0.8430474069583491,0.9538544573521748,0.7020894754417843,0.7020894754417843
18,2026-01-02 02:36:35.267500+00:00,2026-01-02 02:36:35.517500+00:00,22.81836628471867,6.42279708003204,125.70395392079641,41.274161693027,6.810468336220243,-2.897330160145023,3.1808830932941947,-0.3087805805816992,0.20796414382976414,0.20796414382976414,1.1458482403660417,0.19199378301386694,0.19199378301386694
18,2026-01-02 02:36:35.392500+00:00,2026-01-02 02:36:35.642500+00:00,46.509044193142664,28.17190609763344,159.82119732443357,52.954714421833685,11.391220280041212,-2.9447371196304277,4.025855062404818,-0.04740695948540453,0.26137362109629464,0.26137362109629464,0.8449719691106234,-0.30087627125541827,0.30087627125541827
18,2026-01-02 02:36:35.517500+00:00,2026-01-02 02:36:35.767500+00:00,66.57593908812692,65.2475281369208,135.1013699572942,60.4005754957555,15.273869649884833,-2.9519738365156156,3.420302802245942,-0.007236716885187899,0.04017024260021663,0.04017024260021663,-0.6055522601588761,-1.4505242292694995,1.4505242292694995
18,2026-01-02 02:36:35.642500+00:00,2026-01-02 02:36:35.892500+00:00,60.12534110077669,74.51328534846293,81.98735810577354,47.33239534190542,14.351211064763987,-3.0365281581924752,1.4845580496978859,-0.08455432167685963,-0.07731760479167173,0.07731760479167173,-1.9357447525480562,-1.3301924923891801,1.3301924923891801
18,2026-01-02 02:36:35.767500+00:00,2026-01-02 02:36:36.017500+00:00,38.9292999957534,44.15438474473967,41.9680563617104,31.657136461954234,12.392935664763797,-1.8552299730773654,0.738682299154153,1.1812981851151099,1.2658525067919695,1.2658525067919695,-0.7458757505437329,1.1898690020043232,1.1898690020043232
18,2026-01-02 02:36:35.892500+00:00,2026-01-02 02:36:36.142500+00:00,27.190074990758816,13.587881755371598,39.05910876690828,34.368308914243855,12.009894299147614,-1.9430123586755903,2.1220862243893097,-0.08778238559822493,-1.2690805707133348,1.2690805707133348,1.3834039252351569,2.1292796757788897,2.1292796757788897
18,2026-01-02 02:36:36.017500+00:00,2026-01-02 02:36:36.267500+00:00,22.362704646994093,4.134666797449431,78.30835301399539,40.82368861972199,10.830535877913167,-2.3757341997725345,2.8899424564710565,-0.4327218410969442,-0.34493945549871935,0.34493945549871935,0.7678562320817468,-0.6155476931534101,0.6155476931534101
18,2026-01-02 02:36:36.142500+00:00,2026-01-02 02:36:36.392500+00:00,16.00130175728342,9.192893748493907,116.56144766594292,47.68635989127705,11.76708707967856,-2.6145751615623887,3.625637601054349,-0.23884096178985414,0.19388087930709008,0.19388087930709008,0.7356951445832927,-0.032161087498454144,0.032161087498454144
18,2026-01-02 02:36:36.267500+00:00,2026-01-02 02:36:36.517500+00:00,17.332573867391165,25.18782107749829,96.54807434362183,51.479326160642756,10.933663151045845,-2.6516794923424234,3.284545244548126,-0.037104330780034715,0.20173663100981942,0.20173663100981942,-0.3410923565062234,-1.076787501089516,1.076787501089516
18,2026-01-02 02:36:36.392500+00:00,2026-01-02 02:36:36.642500+00:00,36.515376029956194,40.08602580169379,42.40965046422988,37.168292555569664,5.175822464855629,-3.046385209561853,1.002802377278881,-0.3947057172194297,-0.357601386439395,0.357601386439395,-2.281742867269245,-1.9406505107630214,1.9406505107630214
18,2026-01-02 02:36:36.517500+00:00,2026-01-02 02:36:36.767500+00:00,59.32855896365638,37.31479779603821,12.397071366839437,30.776145042439026,2.0969958787400116,2.2146001395906456,0.24887203439601188,-1.0221999580270877,-0.627494240807658,0.627494240807658,-0.7539303428828691,1.5278125243863756,1.5278125243863756
19,2026-01-02 02:36:41.874500+00:00,2026-01-02 02:36:42.124500+00:00,7.466284184894878,5.7695959217681185,108.46685340106491,24.077796260554678,4.562093576130615,3.028777362213096,1.7466813759280433,0.8141772226224502,1.836377180649538,1.836377180649538,1.4978093415320315,2.2517396844149005,2.2517396844149005
19,2026-01-02 02:36:41.999500+00:00,2026-01-02 02:36:42.249500+00:00,5.455250300263483,8.296599257293494,126.01658119525905,19.289217616331307,4.479071993488965,2.7127087687373845,1.8446291606939114,-0.31606859347571126,-1.1302458160981614,1.1302458160981614,0.09794778476586807,-1.3998615567661634,1.3998615567661634
19,2026-01-02 02:36:42.124500+00:00,2026-01-02 02:36:42.374500+00:00,2.2640606794744706,18.109018483383203,105.78084166893109,16.606401572503174,3.4808580431785043,2.317166415190115,1.5873091378777118,-0.3955423535472696,-0.07947376007155832,0.07947376007155832,-0.2573200228161996,-0.35526780758206766,0.35526780758206766
19,2026-01-02 02:36:42.249500+00:00,2026-01-02 02:36:42.499500+00:00,2.679044068465598,28.11768313961054,126.53162066855863,18.51902055799878,4.756886128422366,2.310569060440353,2.054250133089077,-0.006597354749762196,0.3889449987975074,0.3889449987975074,0.466940995211365,0.7242610180275646,0.7242610180275646
19,2026-01-02 02:36:42.374500+00:00,2026-01-02 02:36:42.624500+00:00,5.300832353446228,26.887118275091673,155.42021069299574,23.90924908881455,8.167759575400428,2.6747823699234248,2.359585136616833,0.36421330948307196,0.37081066423283415,0.37081066423283415,0.3053350035277562,-0.16160599168360879,0.16160599168360879
19,2026-01-02 02:36:42.499500+00:00,2026-01-02 02:36:42.749500+00:00,6.091870483108977,20.912130343907606,117.86232228378692,25.712293784285606,8.772986254494384,3.0256558512789735,1.6439657885330898,0.3508734813555487,-0.013339828127523268,0.013339828127523268,-0.7156193480837432,-1.0209543516114994,1.0209543516114994
19,2026-01-02 02:36:42.624500+00:00,2026-01-02 02:36:42.874500+00:00,5.420831940550139,15.649760085173975,51.89364027042333,28.187680460055653,5.797662623354004,-2.604704076378818,1.0272834286221497,0.6528253795217955,0.30195189816624685,0.30195189816624685,-0.6166823599109401,0.09893698817280305,0.09893698817280305
19,2026-01-02 02:36:42.749500+00:00,2026-01-02 02:36:42.999500+00:00,5.198223283528618,13.533362190184487,23.377922626919982,34.344782970806634,4.06977224704668,-2.3103993357316286,1.3879036634063875,0.29430474064718926,-0.3585206388746063,0.3585206388746063,0.36062023478423777,0.9773025946951779,0.9773025946951779
19,2026-01-02 02:36:42.874500+00:00,2026-01-02 02:36:43.124500+00:00,6.9400427519626735,13.60743152630991,24.70437567685096,29.90541808533859,3.6793255002567262,-2.3096661343996283,0.9771954161759536,0.0007332013320002773,-0.29357153931518903,0.29357153931518903,-0.41070824723043386,-0.7713284820146716,0.7713284820146716
19,2026-01-02 02:36:42.999500+00:00,2026-01-02 02:36:43.249500+00:00,9.898911506379273,9.522934436821185,29.397956005706014,23.559524030679153,3.2755450975637386,-2.2522236906085373,0.5591026584566664,0.05744244379109098,0.0567092424590907,0.0567092424590907,-0.4180927577192872,-0.0073845104888533575,0.0073845104888533575
19,2026-01-02 02:36:43.124500+00:00,2026-01-02 02:36:43.374500+00:00,10.804242209304252,4.211799644928681,34.01174749891725,22.223592764088654,3.6428188155471073,-2.1688570329293078,0.6788416787701695,0.08336665767922957,0.02592421388813859,0.02592421388813859,0.11973902031350314,0.5378317780327904,0.5378317780327904
19,2026-01-02 02:36:43.249500+00:00,2026-01-02 02:36:43.499500+00:00,10.870566615138475,5.234848812053347,38.736133778837825,19.91385827286964,4.348864387324936,-2.088034604371767,0.5149689972201811,0.08082242855754097,-0.0025442291216885983,0.0025442291216885983,-0.16387268154998846,-0.2836117018634916,0.2836117018634916
19,2026-01-02 02:36:43.374500+00:00,2026-01-02 02:36:43.624500+00:00,11.485757208526325,10.539187605472405,45.93466231537015,19.21731199591211,4.145038293073483,-2.8101064095410986,0.28772433234434347,-0.7220718051693318,-0.8028942337268727,0.8028942337268727,-0.2272446648758376,-0.06337198332584915,0.06337198332584915
19,2026-01-02 02:36:43.499500+00:00,2026-01-02 02:36:43.749500+00:00,11.421197608943752,10.987096599345524,54.757348075867,15.306813448662233,4.052574806259601,2.1079867784598507,0.2869269537221101,-1.3650921191786376,-0.6430203140093058,0.6430203140093058,-0.0007973786222333912,0.22644728625360422,0.22644728625360422
19,2026-01-02 02:36:43.624500+00:00,2026-01-02 02:36:43.874500+00:00,11.068985789849869,6.6145000800582,94.51083990483002,20.112522057815923,4.794538514359045,2.954940240265035,1.2069577218897065,0.8469534618051843,2.2120455809838218,2.2120455809838218,0.9200307681675964,0.9208281467898298,0.9208281467898298
20,2026-01-02 02:36:46.509500+00:00,2026-01-02 02:36:46.759500+00:00,29.07465176749376,13.992208711521581,19.610621032740305,19.561094262963742,6.0215387429697405,-1.0493859820067788,0.6693825544997919,2.2788590849077726,1.4319056231025882,1.4319056231025882,-0.5375751673899146,-1.457605935557511,1.457605935557511
20,2026-01-02 02:36:46.634500+00:00,2026-01-02 02:36:46.884500+00:00,34.91955582717348,13.25153686503392,23.131230520047477,19.78952102947752,6.609626349243546,-1.1553080733432197,0.7225887133201404,-0.10592209133644093,-2.3847811762442133,2.3847811762442133,0.053206158820348515,0.5907813262102631,0.5907813262102631
20,2026-01-02 02:36:46.759500+00:00,2026-01-02 02:36:47.009500+00:00,37.17527619543317,10.681344468601846,64.73219184205476,18.678001521913615,4.009612346223148,2.766657742845954,0.5266960828905648,-2.3612194909904125,-2.255297399653972,2.255297399653972,-0.1958926304295756,-0.24909878924992412,0.24909878924992412
20,2026-01-02 02:36:46.884500+00:00,2026-01-02 02:36:47.134500+00:00,23.86818363238924,19.332968203403162,102.44758070483803,19.288071073280264,2.4841171320194055,2.358458669725742,1.6677804825511195,-0.40819907312021186,1.9530204178702006,1.9530204178702006,1.1410843996605546,1.3369770300901302,1.3369770300901302
20,2026-01-02 02:36:47.009500+00:00,2026-01-02 02:36:47.259500+00:00,14.051206207291537,37.96816585234889,80.56729206539346,21.466545004014588,2.4183399785486914,2.040837358126598,1.684983215505137,-0.31762131159914425,0.09057776152106761,0.09057776152106761,0.01720273295401742,-1.1238816667065372,1.1238816667065372
20,2026-01-02 02:36:47.134500+00:00,2026-01-02 02:36:47.384500+00:00,21.21337840043026,39.59249799103958,49.2247480628853,25.289842791240247,1.9498091732833658,1.9996905948002006,1.1492133086019678,-0.04114676332639733,0.2764745482727469,0.2764745482727469,-0.5357699069031692,-0.5529726398571866,0.5529726398571866
20,2026-01-02 02:36:47.259500+00:00,2026-01-02 02:36:47.509500+00:00,27.633075468753383,23.054935638252225,56.83291637197402,29.452517530371026,1.5512764439414797,2.8238658195747384,1.162583777249916,0.8241752247745378,0.8653219881009351,0.8653219881009351,0.013370468647948108,0.5491403755511173,0.5491403755511173
20,2026-01-02 02:36:47.384500+00:00,2026-01-02 02:36:47.634500+00:00,20.28911877272192,14.445713980768655,72.30470130178203,27.78131245411347,2.015718835956741,2.9585844900317797,1.378259116369699,0.13471867045704133,-0.6894565543174964,0.6894565543174964,0.2156753391197832,0.2023048704718351,0.2023048704718351
20,2026-01-02 02:36:47.509500+00:00,2026-01-02 02:36:47.759500+00:00,21.160326868928585,12.290455045076516,61.337897112767095,23.76525962477658,3.6402555074742526,3.1366719072447204,0.8320714857009357,0.17808741721294075,0.04336874675589941,0.04336874675589941,-0.5461876306687634,-0.7618629697885466,0.7618629697885466
20,2026-01-02 02:36:47.634500+00:00,2026-01-02 02:36:47.884500+00:00,36.48650678598565,6.973657263426127,45.208150659302845,26.68868358782063,5.774761792548577,-2.245888776236275,1.0946270308412724,0.9006246236985904,0.7225372064856497,0.7225372064856497,0.26255554514033674,0.8087431758091002,0.8087431758091002
20,2026-01-02 02:36:47.759500+00:00,2026-01-02 02:36:48.009500+00:00,40.14542206382825,2.7328213120336002,48.98975961797454,32.39826928188971,7.549125615191718,-2.2027640474654953,1.8781096665159167,0.043124728770779885,-0.8574998949278105,0.8574998949278105,0.7834826356746443,0.5209270905343075,0.5209270905343075
20,2026-01-02 02:36:47.884500+00:00,2026-01-02 02:36:48.134500+00:00,27.610340146668054,3.976963976312987,52.48610276060182,44.301573868003686,8.876693877580975,-2.29390975757798,2.969231563067042,-0.09114571011248485,-0.13427043888326473,0.13427043888326473,1.0911218965511253,0.3076392608764811,0.3076392608764811
20,2026-01-02 02:36:48.009500+00:00,2026-01-02 02:36:48.259500+00:00,17.67981225510475,11.584930645622471,46.903953691803046,54.28784920015688,8.665418585788498,-2.3614959291492426,3.5408329051770036,-0.06758617157126245,0.02355953854122239,0.02355953854122239,0.5716013421099615,-0.5195205544411639,0.5195205544411639
20,2026-01-02 02:36:48.134500+00:00,2026-01-02 02:36:48.384500+00:00,21.35405745429364,20.299019802017362,34.68930837090734,45.5401564982739,6.2993302642006785,-2.4061644909395694,2.2738330859371723,-0.044668561790326855,0.0229176097809356,0.0229176097809356,-1.2669998192398313,-1.8386011613497928,1.8386011613497928
20,2026-01-02 02:36:48.259500+00:00,2026-01-02 02:36:48.509500+00:00,32.41859081480378,19.733881497956823,20.821993744090747,31.36331333799732,4.424688798825521,-2.1892429015820896,0.8872482584208001,0.21692158935747988,0.2615901511478067,0.2615901511478067,-1.3865848275163721,-0.11958500827654084,0.11958500827654084
21,2026-01-02 02:36:52.843000+00:00,2026-01-02 02:36:53.093000+00:00,5.7122631247085405,22.91143387809616,72.55010764428897,27.271516207562122,6.37901838989194,-3.1106841120447895,1.0559263361678641,-0.9214412104626999,-1.1383627998201797,1.1383627998201797,0.168678077747064,1.5552629052634361,1.5552629052634361
21,2026-01-02 02:36:52.968000+00:00,2026-01-02 02:36:53.218000+00:00,12.924500717052524,38.5663924710728,68.223364837098,31.229590161306724,6.728401493962458,2.905479267910993,1.0622523547574627,-0.26702192722380347,0.6544192832388965,0.6544192832388965,0.006326018589598581,-0.16235205915746542,0.16235205915746542
21,2026-01-02 02:36:53.093000+00:00,2026-01-02 02:36:53.343000+00:00,39.27402947873699,56.19224982209428,62.96383078613727,20.119288816901797,4.883708675266694,1.5464342722275015,1.6807942862270526,-1.3590449956834916,-1.092023068459688,1.092023068459688,0.6185419314695899,0.6122159128799913,0.6122159128799913
21,2026-01-02 02:36:53.218000+00:00,2026-01-02 02:36:53.468000+00:00,79.33196643839398,40.581226961237434,41.570606247349815,11.614098840331508,2.9670731293121246,1.0732719551293186,1.7522945422738767,-0.4731623170981829,0.8858826785853087,0.8858826785853087,0.07150025604682408,-0.5470416754227658,0.5470416754227658
21,2026-01-02 02:36:53.343000+00:00,2026-01-02 02:36:53.593000+00:00,94.37333124296,13.1932581605356,30.73310580483137,11.26882948419044,1.8029257059302073,0.6774347981527865,0.8967685671133074,-0.3958371569765321,0.07732516012165082,0.07732516012165082,-0.8555259751605693,-0.9270262312073934,0.9270262312073934
21,2026-01-02 02:36:53.468000+00:00,2026-01-02 02:36:53.718000+00:00,65.25798791254907,2.9909044148148864,20.378226046062906,12.477182875602711,1.4612947088317565,0.06562790794284433,0.5716258060046653,-0.6118068902099422,-0.21596973323341007,0.21596973323341007,-0.32514276110864215,0.5303832140519271,0.5303832140519271
21,2026-01-02 02:36:53.593000+00:00,2026-01-02 02:36:53.843000+00:00,25.99132429343622,5.5543850923564495,16.338041991164424,12.485361529741132,1.8300590660323535,0.05131496219737309,0.5803873947541606,-0.01431294574547124,0.5974939444644709,0.5974939444644709,0.008761588749495286,0.33390434985813744,0.33390434985813744
21,2026-01-02 02:36:53.718000+00:00,2026-01-02 02:36:53.968000+00:00,9.34293961640999,8.40558701643798,48.11437783139982,11.487506747803216,3.2694561260649033,1.1634158270661181,0.4089593700343537,1.112100864868745,1.126413810614216,1.126413810614216,-0.1714280247198069,-0.18018961346930218,0.18018961346930218
21,2026-01-02 02:36:53.843000+00:00,2026-01-02 02:36:54.093000+00:00,15.382745243575005,9.72525958736043,99.0338611807077,14.311677979417391,4.177831432912443,2.387639474233172,1.144056680857592,1.2242236471670538,0.11212278229830885,0.11212278229830885,0.7350973108232384,0.9065253355430453,0.9065253355430453
21,2026-01-02 02:36:53.968000+00:00,2026-01-02 02:36:54.218000+00:00,23.177135796757575,17.913635249239093,101.56070022042258,14.808540585520682,4.066051476791269,2.1917834582077536,1.3683652657106138,-0.19585601602541836,-1.4200796631924721,1.4200796631924721,0.22430858485302174,-0.5107887259702166,0.5107887259702166
21,2026-01-02 02:36:54.093000+00:00,2026-01-02 02:36:54.343000+00:00,16.725086744452582,25.62288543937195,61.59393281175444,13.733473788063522,4.7230189658602315,1.488255365992681,0.8679631098576709,-0.7035280922150726,-0.5076720761896543,0.5076720761896543,-0.5004021558529429,-0.7247107407059646,0.7247107407059646
21,2026-01-02 02:36:54.218000+00:00,2026-01-02 02:36:54.468000+00:00,8.594620196450036,17.777058910174404,59.634097455216825,18.403700603622745,4.9593282286521365,2.4521998217553915,0.42877947565231755,0.9639444557627106,1.6674725479777832,1.6674725479777832,-0.43918363420535333,0.06121852164758956,0.06121852164758956
21,2026-01-02 02:36:54.343000+00:00,2026-01-02 02:36:54.593000+00:00,11.450585091839764,6.746264449587411,97.93524190412309,25.88127539805167,4.208920133742593,3.1052351393317252,1.676974054481257,0.6530353175763337,-0.3109091381863769,0.3109091381863769,1.2481945788289395,1.6873782130342927,1.6873782130342927
21,2026-01-02 02:36:54.468000+00:00,2026-01-02 02:36:54.718000+00:00,16.09238123346074,4.964171549615216,108.20334921024245,34.516747443759215,4.234251645840265,-3.011146422632656,2.489030160759623,0.16680374521520516,-0.4862315723611285,0.4862315723611285,0.812056106278366,-0.4361384725505735,0.4361384725505735
21,2026-01-02 02:36:54.593000+00:00,2026-01-02 02:36:54.843000+00:00,19.27100135762364,7.437004067042327,70.68715010352572,31.230395419436352,3.7796337165187537,-2.8552525392895616,1.6428850062686557,0.1558938833430945,-0.010909861872110654,0.010909861872110654,-0.8461451544909673,-1.6582012607693333,1.6582012607693333
22,2026-01-02 02:36:57.197500+00:00,2026-01-02 02:36:57.447500+00:00,5.001183764731047,5.180388217391558,113.66216963526406,23.757016889318113,2.181471174908233,2.840019522337933,2.0188756876921694,-0.5879132455520912,-0.7438071288951857,0.7438071288951857,0.37599068142351366,1.222135835914481,1.222135835914481
22,2026-01-02 02:36:57.322500+00:00,2026-01-02 02:36:57.572500+00:00,6.681201373906872,13.146349053119499,129.69560150919543,33.395570531377956,2.68388839846932,2.9507013671162516,2.806983790639602,0.11068184477831845,0.6985950903304097,0.6985950903304097,0.7881081029474326,0.41211742152391895,0.41211742152391895
22,2026-01-02 02:36:57.447500+00:00,2026-01-02 02:36:57.697500+00:00,20.538491831875223,24.890721622291704,92.40190649783528,36.412157503160536,2.0331151218419863,2.938281363776547,2.2243920744749905,-0.01242000333970461,-0.12310184811802306,0.12310184811802306,-0.5825917161646115,-1.370699819112044,1.370699819112044
22,2026-01-02 02:36:57.572500+00:00,2026-01-02 02:36:57.822500+00:00,37.74133592858951,24.71743632863642,90.43669593020502,27.288447123864117,1.851445390532075,2.5852604812627202,1.725798067671041,-0.3530208825138268,-0.3406008791741222,0.3406008791741222,-0.4985940068039496,0.08399770936066187,0.08399770936066187
22,2026-01-02 02:36:57.697500+00:00,2026-01-02 02:36:57.947500+00:00,42.26807924418323,24.573209673700273,192.87951859253639,19.12808470606494,2.807667162495743,2.3818780878580688,3.5728460965219813,-0.20338239340465145,0.14963848910917535,0.14963848910917535,1.8470480288509403,2.34564203565489,2.34564203565489
22,2026-01-02 02:36:57.822500+00:00,2026-01-02 02:36:58.072500+00:00,58.258888245046336,24.79770867918449,260.45985384049675,26.024252081491653,2.256544405883254,2.5170154648006164,5.193845243938742,0.13513737694254768,0.33851977034719916,0.33851977034719916,1.6209991474167604,-0.2260488814341799,0.2260488814341799
22,2026-01-02 02:36:57.947500+00:00,2026-01-02 02:36:58.197500+00:00,126.76083751314503,21.998044879061034,184.97691192192514,34.13474931169022,1.6742145853158128,2.6829022177261255,3.7521594968495733,0.16588675292550903,0.030749375982961347,0.030749375982961347,-1.4416857470891684,-3.062684894505929,3.062684894505929
22,2026-01-02 02:36:58.072500+00:00,2026-01-02 02:36:58.322500+00:00,205.8849466113821,37.70836435824089,85.33487433956131,30.110361456662183,3.383244005944503,2.309746640326095,1.3122895097679368,-0.3731555774000306,-0.5390423303255396,0.5390423303255396,-2.4398699870816367,-0.9981842399924683,0.9981842399924683
22,2026-01-02 02:36:58.197500+00:00,2026-01-02 02:36:58.447500+00:00,202.40567860265895,51.118979752005316,60.067602189746076,20.938435482123825,4.855627607670739,1.2834426131387218,1.4763445548358083,-1.0263040271873731,-0.6531484497873425,0.6531484497873425,0.1640550450678715,2.603925032149508,2.603925032149508
22,2026-01-02 02:36:58.322500+00:00,2026-01-02 02:36:58.572500+00:00,132.23421459010208,33.20878134030074,73.10153026933234,15.4013610307987,5.199164408626965,1.4058381168303238,1.1547140954669652,0.12239550369160201,1.1486995308789751,1.1486995308789751,-0.32163045936884305,-0.48568550443671454,0.48568550443671454
22,2026-01-02 02:36:58.447500+00:00,2026-01-02 02:36:58.697500+00:00,69.36333515020021,14.7795414148378,66.96725266258113,14.667922625212409,4.753192445017763,1.7229605308664282,0.4779318675120988,0.3171224140361044,0.1947269103445024,0.1947269103445024,-0.6767822279548664,-0.3551517685860234,0.3551517685860234
22,2026-01-02 02:36:58.572500+00:00,2026-01-02 02:36:58.822500+00:00,30.816264397386703,12.374477683639684,46.08584300457903,21.7694781212164,3.3492205029614808,-3.049547927576885,0.41798769836355437,1.5106768487362727,1.1935544347001683,1.1935544347001683,-0.059944169148544446,0.616838058806322,0.616838058806322
22,2026-01-02 02:36:58.697500+00:00,2026-01-02 02:36:58.947500+00:00,16.293777793564217,10.307420229950097,48.93959775726013,28.525294112707435,2.368486703434716,-2.8774868672082525,1.0900298552936327,0.17206106036863256,-1.3386157883676402,1.3386157883676402,0.6720421569300783,0.7319863260786228,0.7319863260786228
22,2026-01-02 02:36:58.822500+00:00,2026-01-02 02:36:59.072500+00:00,15.150262436141277,7.680830956588606,49.707563150724816,21.18426635895929,1.515660407618157,2.9432776261543925,0.6360029669298247,-0.462420813816941,-0.6344818741855736,0.6344818741855736,-0.454026888363808,-1.1260690452938862,1.1260690452938862
22,2026-01-02 02:36:58.947500+00:00,2026-01-02 02:36:59.197500+00:00,9.926864752073223,8.938588564614143,33.8303207500319,10.304991599799077,0.8564664820841202,1.0202203371136747,0.7356571598456745,-1.9230572890407178,-1.4606364752237768,1.4606364752237768,0.09965419291584976,0.5536810812796578,0.5536810812796578
23,2026-01-02 02:37:03.743000+00:00,2026-01-02 02:37:03.993000+00:00,14.989512064626831,3.5078831527641796,56.94097130493726,31.620326299818636,1.9916475106596836,-2.795977741964318,1.6066255333285724,2.466987228101593,-1.8931407900372756,1.8931407900372756,0.8709683734828979,0.7713141805670481,0.7713141805670481
23,2026-01-02 02:37:03.868000+00:00,2026-01-02 02:37:04.118000+00:00,21.99949817124452,6.600908487762521,55.50473000463285,32.24748766906367,3.3242996588913645,-2.6980399136910087,1.5628035074053543,0.09793782827330945,-2.3690493998282838,2.3690493998282838,-0.043822025923218044,-0.914790399406116,0.914790399406116
23,2026-01-02 02:37:03.993000+00:00,2026-01-02 02:37:04.243000+00:00,20.722436667092367,20.060145293754502,101.1468043905117,27.213326715235596,3.933725894838484,2.8074751428611417,1.746210660923954,-0.7776702506274361,-0.8756080789007455,0.8756080789007455,0.1834071535185997,0.22722917944181775,0.22722917944181775
23,2026-01-02 02:37:04.118000+00:00,2026-01-02 02:37:04.368000+00:00,16.829566520344112,75.67990323405976,232.1093906272183,36.68464800477119,3.6102376559117317,2.3631001382190866,5.488765434728046,-0.44437500464205515,0.33329524598538096,0.33329524598538096,3.742554773804092,3.5591476202854926,3.5591476202854926
23,2026-01-02 02:37:04.243000+00:00,2026-01-02 02:37:04.493000+00:00,18.049608066918534,181.03545228353315,355.7550687005682,41.83110792210533,4.109246033666666,2.0836189405475,10.346375569900745,-0.27948119767158675,0.1648938069704684,0.1648938069704684,4.857610135172699,1.115055361368607,1.115055361368607
23,2026-01-02 02:37:04.368000+00:00,2026-01-02 02:37:04.618000+00:00,16.764666912996226,237.60456566824206,307.1794034514653,28.2698887682171,4.016840624651961,1.7985799250051282,11.541138195150364,-0.28503901554237165,-0.005557817870784909,0.005557817870784909,1.1947626252496182,-3.662847509923081,3.662847509923081
23,2026-01-02 02:37:04.493000+00:00,2026-01-02 02:37:04.743000+00:00,13.256304348286895,171.2837790061731,146.48537568389025,31.913907587366836,2.5446806484493294,1.716952762364655,6.850669313599807,-0.0816271626404732,0.20341185290189845,0.20341185290189845,-4.690468881550556,-5.885231506800174,5.885231506800174
23,2026-01-02 02:37:04.618000+00:00,2026-01-02 02:37:04.868000+00:00,17.31606631757419,73.55010409145112,66.86282577068445,47.860932678821925,1.5849308220226743,2.5143447282972886,2.4497946554509644,0.7973919659326336,0.8790191285731068,0.8790191285731068,-4.400874658148843,0.28959422340171326,0.28959422340171326
23,2026-01-02 02:37:04.743000+00:00,2026-01-02 02:37:04.993000+00:00,23.880170485916967,33.32057560660684,98.21683504603992,41.0740717653671,1.7717265108594655,2.892614543515768,2.5865537475074842,0.37826981521847935,-0.41912215071415426,0.41912215071415426,0.13675909205651982,4.537633750205362,4.537633750205362
23,2026-01-02 02:37:04.868000+00:00,2026-01-02 02:37:05.118000+00:00,20.375359209056445,26.009180728697828,131.07077414924936,21.85662036896852,2.246955100570219,2.3866665609567916,2.461277230725011,-0.5059479825589763,-0.8842177977774557,0.8842177977774557,-0.1252765167824732,-0.262035608838993,0.262035608838993
23,2026-01-02 02:37:04.993000+00:00,2026-01-02 02:37:05.243000+00:00,13.806073700614105,17.885023245431757,112.90718895106698,10.612803566846058,2.048927473245608,2.0050240308002856,1.9393033836111606,-0.38164253015650607,0.12430545240247025,0.12430545240247025,-0.5219738471138504,-0.3966973303313772,0.3966973303313772
23,2026-01-02 02:37:05.118000+00:00,2026-01-02 02:37:05.368000+00:00,17.566278822537654,9.115550536789883,75.79914613636703,10.856758502293061,1.5972768070957692,1.8702420521595198,1.0682937293666732,-0.1347819786407658,0.24686055151574027,0.24686055151574027,-0.8710096542444874,-0.349035807130637,0.349035807130637
23,2026-01-02 02:37:05.243000+00:00,2026-01-02 02:37:05.493000+00:00,22.582539612637927,7.041013115411212,41.81144906944992,20.47911413867116,1.7507527712784219,3.129338803292334,0.4149238257196386,1.2590967511328144,1.3938787297735802,1.3938787297735802,-0.6533699036470346,0.21763975059745277,0.21763975059745277
23,2026-01-02 02:37:05.368000+00:00,2026-01-02 02:37:05.618000+00:00,18.48637620242623,12.265781377757143,20.48512340979299,23.513023571415605,2.9592877315270663,-1.9431953633848513,0.4230793834176098,1.2106511405024014,-0.04844561063041297,0.04844561063041297,0.008155557697971216,0.6615254613450059,0.6615254613450059
23,2026-01-02 02:37:05.493000+00:00,2026-01-02 02:37:05.743000+00:00,17.786697419221532,20.790734644318974,19.046070463926807,16.486210243040937,4.011909322363093,0.22009328205272832,0.5300295036038648,2.1632886454375795,0.9526375049351781,0.9526375049351781,0.106950120186255,0.09879456248828378,0.09879456248828378
24,2026-01-02 02:37:08.794500+00:00,2026-01-02 02:37:09.044500+00:00,19.57660836809127,10.058193021229286,9.424876408444103,20.551772502950534,7.377792050579039,-1.200486764533522,1.1818293748518536,-1.4205800465862504,2.6993166151557566,2.6993166151557566,0.6517998712479888,0.5448497510617338,0.5448497510617338
24,2026-01-02 02:37:08.919500+00:00,2026-01-02 02:37:09.169500+00:00,12.971985409635767,15.701162701050837,12.84665763128023,21.814018527321203,5.073292634335445,-1.203511522034064,0.6200546304893212,-0.0030247575005419858,1.4175552890857084,1.4175552890857084,-0.5617747443625324,-1.2135746156105212,1.2135746156105212
24,2026-01-02 02:37:09.044500+00:00,2026-01-02 02:37:09.294500+00:00,9.487239034652838,16.199114974909882,9.482693482827163,18.09359521326385,3.0889970784009426,-0.27280870427190584,0.4627851456209288,0.9307028177621581,0.9337275752627001,0.9337275752627001,-0.15726948486839237,0.40450525949414,0.40450525949414
24,2026-01-02 02:37:09.169500+00:00,2026-01-02 02:37:09.419500+00:00,23.333212001249276,8.622687385901655,8.93748729221995,17.267465778216142,2.9002684183130345,-0.6562377787956111,0.5679269704698551,-0.38342907452370517,-1.3141318922858634,1.3141318922858634,0.10514182484892626,0.26241130971731863,0.26241130971731863
24,2026-01-02 02:37:09.294500+00:00,2026-01-02 02:37:09.544500+00:00,45.60447530644318,7.036427894334656,22.20870898607078,16.664409830445614,2.9155380114222265,-0.6038382131790944,0.37377321872002295,0.05239956561651671,0.4358286401402219,0.4358286401402219,-0.19415375174983213,-0.2992955765987584,0.2992955765987584
24,2026-01-02 02:37:09.419500+00:00,2026-01-02 02:37:09.669500+00:00,47.33521566951764,15.679258549480075,29.505531400190883,15.71279214213528,6.660458289282121,-0.49505950608056815,0.6088866658275741,0.10877870709852622,0.0563791414820095,0.0563791414820095,0.23511344710755117,0.4292671988573833,0.4292671988573833
24,2026-01-02 02:37:09.544500+00:00,2026-01-02 02:37:09.794500+00:00,26.209046232069817,21.337303085498007,19.19237070086655,14.944441191830977,11.77147606201306,-0.7266265038752443,1.3614303876265825,-0.23156699779467615,-0.34034570489320237,0.34034570489320237,0.7525437217990084,0.5174302746914572,0.5174302746914572
24,2026-01-02 02:37:09.669500+00:00,2026-01-02 02:37:09.919500+00:00,11.288353046942216,26.15957179579905,13.307019404614516,12.93902812642021,9.181879704008516,-0.2698471154909775,1.1992678538765027,0.45677938838426674,0.688346386178943,0.688346386178943,-0.16216253375007983,-0.9147062555490882,0.9147062555490882
24,2026-01-02 02:37:09.794500+00:00,2026-01-02 02:37:10.044500+00:00,10.967438067416243,44.33658792964857,16.637778560027684,8.589591773513526,3.645431589535735,0.8072768821074767,1.9757326667362474,1.0771239975984543,0.6203446092141877,0.6203446092141877,0.7764648128597447,0.9386273466098245,0.9386273466098245
24,2026-01-02 02:37:09.919500+00:00,2026-01-02 02:37:10.169500+00:00,11.502866428422767,56.16824954351881,13.562275347893634,7.816414567107008,1.984255967093369,0.9406380050209006,2.6154057874433154,0.13336112291342384,-0.9437628746850305,0.9437628746850305,0.639673120707068,-0.1367916921526766,0.1367916921526766
24,2026-01-02 02:37:10.044500+00:00,2026-01-02 02:37:10.294500+00:00,14.404072419647772,44.461708104611645,8.891982769932929,11.86633829026179,1.98166643656623,0.8647179106152556,1.850820446282399,-0.07592009440564496,-0.20928121731906876,0.20928121731906876,-0.7645853411609165,-1.4042584618679845,1.4042584618679845
24,2026-01-02 02:37:10.169500+00:00,2026-01-02 02:37:10.419500+00:00,26.856489015016514,29.19641792391888,16.314362188686943,17.189066373715,2.337472949967076,0.8196818671297929,0.8256286362968616,-0.04503604348546276,0.030884050920182197,0.030884050920182197,-1.0251918099855373,-0.2606064688246208,0.2606064688246208
24,2026-01-02 02:37:10.294500+00:00,2026-01-02 02:37:10.544500+00:00,39.75112690627489,20.27226331337096,32.804932428893515,17.21146574751492,3.2091394365161827,0.9517728476386595,0.42535233313182147,0.13209098050886672,0.1771270239943295,0.1771270239943295,-0.4002763031650401,0.6249155068204972,0.6249155068204972
24,2026-01-02 02:37:10.419500+00:00,2026-01-02 02:37:10.669500+00:00,36.6356481542415,12.541057795805257,49.66917320730664,10.288702228302885,3.749848613315738,0.9744820777396779,0.6551890367621375,0.02270923010101833,-0.10938175040784841,0.10938175040784841,0.229836703630316,0.6301130067953561,0.6301130067953561
24,2026-01-02 02:37:10.544500+00:00,2026-01-02 02:37:10.794500+00:00,19.17924059562838,6.883970601110695,62.78540069765982,8.589887663359995,3.4038166901298017,1.3679251913086339,0.6430367835597417,0.393443113568956,0.3707338834679377,0.3707338834679377,-0.012152253202395769,-0.24198895683271177,0.24198895683271177
25,2026-01-02 02:37:16.099000+00:00,2026-01-02 02:37:16.349000+00:00,41.76997227081498,24.09396202255359,19.469482167362564,14.91070182209527,2.3474829432563404,0.7173272211327324,0.8613782034823306,-0.6505979701759015,-1.0440410837448575,1.0440410837448575,0.21834141992258893,0.2304936731249847,0.2304936731249847
25,2026-01-02 02:37:16.224000+00:00,2026-01-02 02:37:16.474000+00:00,38.062608811761166,20.409310086176795,30.58395074840299,5.639897146370067,2.2008567427254744,0.7911792749159781,1.4930861954558436,0.07385205378324566,0.7244500239591471,0.7244500239591471,0.631707991973513,0.4133665720509241,0.4133665720509241
25,2026-01-02 02:37:16.349000+00:00,2026-01-02 02:37:16.599000+00:00,43.30580274116338,11.573306540684843,24.321285007940453,8.938365543074248,2.480785716662062,0.4829317387581329,0.9533682953223167,-0.3082475361578452,-0.3820995899410909,0.3820995899410909,-0.5397179001335269,-1.17142589210704,1.17142589210704
25,2026-01-02 02:37:16.474000+00:00,2026-01-02 02:37:16.724000+00:00,34.20016410714743,10.477524288198433,13.371938082100307,18.301008442943605,2.146431384134832,-0.4796729929487988,0.3588070536617483,-0.9626047317069317,-0.6543571955490866,0.6543571955490866,-0.5945612416605683,-0.0548433415270414,0.0548433415270414
25,2026-01-02 02:37:16.599000+00:00,2026-01-02 02:37:16.849000+00:00,16.181520332800496,10.418332961435418,30.84193918339476,20.576433279283755,1.7343825037737197,-3.107344983202294,0.21107356151063916,-2.6276719902534955,-1.6650672585465638,1.6650672585465638,-0.14773349215110915,0.4468277495094592,0.4468277495094592
25,2026-01-02 02:37:16.724000+00:00,2026-01-02 02:37:16.974000+00:00,5.639599872548975,6.570654209496136,76.94560164628676,16.02303692116396,2.796153655404903,2.523890366862262,0.8663646702112235,-0.6519499571150302,1.9757220331384653,1.9757220331384653,0.6552911087005844,0.8030246008516935,0.8030246008516935
25,2026-01-02 02:37:16.849000+00:00,2026-01-02 02:37:17.099000+00:00,2.7277742093101542,7.679644481194636,101.71375171138163,17.742014533774135,4.308952174440721,2.7072509682368175,1.2954698002404799,0.18336060137455545,0.8353105584895857,0.8353105584895857,0.4291051300292563,-0.22618597867132806,0.22618597867132806
25,2026-01-02 02:37:16.974000+00:00,2026-01-02 02:37:17.224000+00:00,6.048343663886154,12.341007619737912,82.57922104173718,21.47672693274346,3.948213359017087,2.8289684875445165,1.1153729460115,0.12171751930769893,-0.06164308206685652,0.06164308206685652,-0.1800968542289798,-0.6092019842582361,0.6092019842582361
25,2026-01-02 02:37:17.099000+00:00,2026-01-02 02:37:17.349000+00:00,20.243867452679556,11.31277830796991,64.21270051408615,26.386139626022533,2.392761163400568,3.0983180785836932,1.140037709183388,0.2693495910391768,0.14763207173147785,0.14763207173147785,0.024664763171887927,0.20476161740086773,0.20476161740086773
25,2026-01-02 02:37:17.224000+00:00,2026-01-02 02:37:17.474000+00:00,41.97626324153288,7.34024542129489,61.4573806262226,34.33155937919198,2.161639898651578,-2.843407354179742,1.727209418025094,0.3414598744161508,0.072110283376974,0.072110283376974,0.5871717088417061,0.5625069456698182,0.5625069456698182
25,2026-01-02 02:37:17.349000+00:00,2026-01-02 02:37:17.599000+00:00,55.459826613773316,8.204929024868939,43.607195758938005,26.92330901543867,2.3568959900879505,-2.7172971657627976,0.8410549399382942,0.12611018841694444,-0.21534968599920634,0.21534968599920634,-0.8861544780867999,-1.4733261869285061,1.4733261869285061
25,2026-01-02 02:37:17.474000+00:00,2026-01-02 02:37:17.724000+00:00,53.7389371785268,13.655255565529444,22.455491663625246,11.812352368428368,1.501024896800227,0.625178278422966,0.8410423703467198,-2.940709862993823,-3.0668200514107675,3.0668200514107675,-1.2569591574362882e-05,0.8861419084952256,0.8861419084952256
25,2026-01-02 02:37:17.599000+00:00,2026-01-02 02:37:17.849000+00:00,41.138014423331214,17.557442820932305,26.554969582023343,15.18723853677918,1.9020204124347497,0.847019121336362,0.6127648361434754,0.221840842913396,-3.1206346012723674,3.1206346012723674,-0.22827753420324437,-0.22826496461167,0.22826496461167
25,2026-01-02 02:37:17.724000+00:00,2026-01-02 02:37:17.974000+00:00,21.900747448485674,15.680041135312964,44.336498615524846,28.702419256067493,4.001406928314978,-2.7063287786907146,0.9133216364432009,2.7298374071525098,2.5079965642391135,2.5079965642391135,0.3005568002997254,0.5288343345029698,0.5288343345029698
25,2026-01-02 02:37:17.849000+00:00,2026-01-02 02:37:18.099000+00:00,7.4359559697163,15.255226507645569,44.56564902460336,30.62439658655294,4.167847630518734,-2.663474566932967,1.1315232495471825,0.04285421175774751,-2.6869831953947623,2.6869831953947623,0.21820161310398167,-0.08235518719574375,0.08235518719574375
26,2026-01-02 02:37:22.298500+00:00,2026-01-02 02:37:22.548500+00:00,15.24272312002975,4.678432365784461,16.00739962037644,20.056633435941798,1.9702543444136964,-1.5267620670785356,0.41539753526574086,1.1367124998544316,1.093858288096684,1.093858288096684,-0.7161257142814417,-0.9343273273854233,0.9343273273854233
26,2026-01-02 02:37:22.423500+00:00,2026-01-02 02:37:22.673500+00:00,20.084320286786564,10.120856283813524,8.93694967074655,28.666240563221216,2.675840181555753,-1.9692926258242054,0.9126925701238313,-0.4425305587456698,-1.5792430586001014,1.5792430586001014,0.49729503485809046,1.2134207491395321,1.2134207491395321
26,2026-01-02 02:37:22.548500+00:00,2026-01-02 02:37:22.798500+00:00,27.32164160072182,18.177560891982885,7.011627716382995,22.969827159456894,3.079175979671353,-0.9875204451295128,0.3945001987941532,0.9817721806946926,1.4243027394403625,1.4243027394403625,-0.5181923713296781,-1.0154874061877686,1.0154874061877686
26,2026-01-02 02:37:22.673500+00:00,2026-01-02 02:37:22.923500+00:00,50.31880516503045,18.736456399791365,22.27118072051534,13.410310146567303,3.174722224091308,0.4695762683553644,0.789185919925132,1.4570967134848771,0.47532453279018455,0.47532453279018455,0.3946857211309788,0.9128780924606569,0.9128780924606569
26,2026-01-02 02:37:22.798500+00:00,2026-01-02 02:37:23.048500+00:00,86.15590243124282,17.964483704684522,50.07755255364286,15.574152064273655,2.915533173045112,1.3232442701281422,0.6198900410676178,0.8536680017727778,-0.6034287117120993,0.6034287117120993,-0.16929587885751418,-0.563981599988493,0.563981599988493
26,2026-01-02 02:37:22.923500+00:00,2026-01-02 02:37:23.173500+00:00,95.53282082978777,24.14047779169777,61.158231326062264,18.656404201527078,2.324039307151447,1.7702814126451158,0.9168462585929935,0.44703714251697363,-0.4066308592558042,0.4066308592558042,0.2969562175253757,0.4662520963828899,0.4662520963828899
26,2026-01-02 02:37:23.048500+00:00,2026-01-02 02:37:23.298500+00:00,61.20913102895114,27.870508079371557,40.43692823468332,12.380287771311409,2.004161960060223,1.1230118657019195,1.2738355715780894,-0.6472695469431964,-1.09430668946017,1.09430668946017,0.35698931298509584,0.06003309545972013,0.06003309545972013
26,2026-01-02 02:37:23.173500+00:00,2026-01-02 02:37:23.423500+00:00,30.400685226625225,22.01289929344979,14.601240955585995,8.487646966850376,1.70725647050284,0.6579417151721776,1.3879544241689101,-0.4650701505297418,0.18219939641345456,0.18219939641345456,0.11411885259082077,-0.24287046039427507,0.24287046039427507
26,2026-01-02 02:37:23.298500+00:00,2026-01-02 02:37:23.548500+00:00,22.54657777385772,14.519745242038264,4.376434084377729,9.987664643656789,1.3310839811348283,0.3827927530678335,1.1179428517584065,-0.2751489621043441,0.18992118842539774,0.18992118842539774,-0.27001157241050366,-0.38413042500132444,0.38413042500132444
26,2026-01-02 02:37:23.423500+00:00,2026-01-02 02:37:23.673500+00:00,15.797393024261652,9.37537382359599,2.6466996770465565,13.556739094587613,1.3443483461632266,0.024799600645660055,0.7347568330737322,-0.35799315242217344,-0.08284419031782936,0.08284419031782936,-0.3831860186846743,-0.11317444627417061,0.11317444627417061
26,2026-01-02 02:37:23.548500+00:00,2026-01-02 02:37:23.798500+00:00,13.470735465475302,7.389490526446664,2.811491954365425,24.55358719736278,1.794836362927004,-1.6474553952527877,0.6842377654963553,-1.6722549958984478,-1.3142618434762743,1.3142618434762743,-0.0505190675773769,0.3326669511072974,0.3326669511072974
26,2026-01-02 02:37:23.673500+00:00,2026-01-02 02:37:23.923500+00:00,24.43471973253969,10.70084879833906,4.653226970615922,33.019292597389565,2.6081002782136897,-2.0553420154496194,1.2269498517324324,-0.4078866201968317,1.2643683757016162,1.2643683757016162,0.5427120862360771,0.593231153813454,0.593231153813454
26,2026-01-02 02:37:23.798500+00:00,2026-01-02 02:37:24.048500+00:00,34.84406699396098,17.42637268944337,11.309151543450447,34.304931974116,2.882252119920038,-2.2223284241803904,1.0760672806243254,-0.16698640873077109,0.2409002114660606,0.2409002114660606,-0.150882571108107,-0.6935946573441841,0.6935946573441841
26,2026-01-02 02:37:23.923500+00:00,2026-01-02 02:37:24.173500+00:00,34.24282275667211,21.39182515801694,21.74090445568354,40.99151127477123,2.0363686846362032,-2.5901076372118155,1.5207091667800872,-0.36777921303142497,-0.20079280430065388,0.20079280430065388,0.4446418861557617,0.5955244572638687,0.5955244572638687
26,2026-01-02 02:37:24.048500+00:00,2026-01-02 02:37:24.298500+00:00,32.7708401970328,15.894211349353192,22.771051687510745,40.29421568816072,1.7327137197252784,-2.547751460453786,1.6279003843818494,0.042356176758029385,0.41013538978945435,0.41013538978945435,0.1071912176017622,-0.3374506685539995,0.3374506685539995
27,2026-01-02 02:37:27.592000+00:00,2026-01-02 02:37:27.842000+00:00,105.33107014820666,33.49404219593508,52.862575243748466,16.6590821413444,2.2459099134100597,1.3836879741008847,1.2826357799795192,-2.3517458726249156,-2.394102049382945,2.394102049382945,-0.3452646044023302,-0.4524558220040924,0.4524558220040924
27,2026-01-02 02:37:27.717000+00:00,2026-01-02 02:37:27.967000+00:00,128.19046163416616,26.600293156407208,22.659567968922598,17.59595537653105,2.493994628072701,0.6721314561986047,0.869669064085965,-0.71155651790228,1.6401893547226356,1.6401893547226356,-0.41296671589355416,-0.06770211149122396,0.06770211149122396
27,2026-01-02 02:37:27.842000+00:00,2026-01-02 02:37:28.092000+00:00,98.60097384502401,16.21570622001745,16.7964051239872,16.64054780990115,1.9186645831741593,0.33069833602202114,0.648236011469697,-0.34143312017658356,0.37012339772569647,0.37012339772569647,-0.221433052616268,0.19153366327728616,0.19153366327728616
27,2026-01-02 02:37:27.967000+00:00,2026-01-02 02:37:28.217000+00:00,49.07972086659856,13.744497246455584,47.039068281553064,26.03107036455122,1.5354557219497196,3.050043774691983,0.7541052053139353,2.719345438669962,3.0607785588465455,3.0607785588465455,0.10586919384423832,0.3273022464605063,0.3273022464605063
27,2026-01-02 02:37:28.092000+00:00,2026-01-02 02:37:28.342000+00:00,21.192788119245037,11.129313460269923,130.11330568229235,35.63251411045958,2.28159489562763,3.0037480201081137,2.9523158398552467,-0.046295754583869364,-2.765641193253831,2.765641193253831,2.1982106345413115,2.0923414406970733,2.0923414406970733
27,2026-01-02 02:37:28.217000+00:00,2026-01-02 02:37:28.467000+00:00,15.83380644032604,8.974423764646422,226.06550871444998,26.187230117880077,2.8758890602111786,2.686431692664986,4.3601070203860095,-0.3173163274431277,-0.27102057285925835,0.27102057285925835,1.4077911805307628,-0.7904194540105487,0.7904194540105487
27,2026-01-02 02:37:28.342000+00:00,2026-01-02 02:37:28.592000+00:00,26.22630133853853,22.497716485715827,242.0756435681792,15.087748528257134,2.6455606720325204,2.3562716882392074,4.561690562616914,-0.33016000442577864,-0.012843676982650931,0.012843676982650931,0.2015835422309049,-1.2062076382998579,1.2062076382998579
27,2026-01-02 02:37:28.467000+00:00,2026-01-02 02:37:28.717000+00:00,34.832925861292324,43.43415737076654,163.6723734904848,14.230835467670094,2.542059434136892,2.03456438314278,3.460034301534854,-0.32170730509642714,0.008452699329351498,0.008452699329351498,-1.1016562610820606,-1.3032398033129655,1.3032398033129655
27,2026-01-02 02:37:28.592000+00:00,2026-01-02 02:37:28.842000+00:00,29.607163299815948,41.62409454034105,67.7600613448586,14.137629077558772,2.211844827135928,1.544145490851667,1.8857302512370129,-0.49041889229111324,-0.16871158719468607,0.16871158719468607,-1.574304050297841,-0.4726477892157803,0.4726477892157803
27,2026-01-02 02:37:28.717000+00:00,2026-01-02 02:37:28.967000+00:00,17.687983468646294,20.124672832589784,15.69990912826189,14.832019862042666,2.6432737933825017,0.49205771530912534,0.7016754928328979,-1.0520877755425415,-0.5616688832514283,0.5616688832514283,-1.184054758404115,0.3902492918937259,0.3902492918937259
27,2026-01-02 02:37:28.842000+00:00,2026-01-02 02:37:29.092000+00:00,10.59618113745271,7.3984626527667565,4.462837758278086,15.690642747072442,3.4423996403723933,-0.6286954549460999,0.7581441401646172,-1.1207531702552251,-0.06866539471268363,0.06866539471268363,0.0564686473317193,1.2405234057358343,1.2405234057358343
27,2026-01-02 02:37:28.967000+00:00,2026-01-02 02:37:29.217000+00:00,13.626460894905708,5.810125385661101,11.966956497610475,15.519086074312963,2.4260486046334497,-0.5297508486204402,0.5074711001526794,0.09894460632565971,1.219697776580885,1.219697776580885,-0.2506730400119378,-0.3071416873436571,0.3071416873436571
27,2026-01-02 02:37:29.092000+00:00,2026-01-02 02:37:29.342000+00:00,17.304771551250035,3.7723756591105086,27.736552582786913,14.66927510706557,1.3987319591569152,0.3241563969237783,0.17362076624976633,0.8539072455442185,0.7549626392185587,0.7549626392185587,-0.3338503339029131,-0.08317729389097528,0.08317729389097528
27,2026-01-02 02:37:29.217000+00:00,2026-01-02 02:37:29.467000+00:00,16.26699245912321,1.3367512488064408,35.12976997729606,15.76678310323122,2.309561055549657,-1.788714682308992,0.13515279966019048,-2.1128710792327703,-2.966778324776989,2.966778324776989,-0.03846796658957585,0.2953823673133372,0.2953823673133372
27,2026-01-02 02:37:29.342000+00:00,2026-01-02 02:37:29.592000+00:00,17.366945853017455,0.7556960505357122,25.293817360910012,21.840633883096668,3.754555729546582,-1.8460017053219735,0.8270356419170193,-0.057287023012981386,2.055584056219789,2.055584056219789,0.6918828422568288,0.7303508088464047,0.7303508088464047
28,2026-01-02 02:37:34.461000+00:00,2026-01-02 02:37:34.711000+00:00,127.99986701520518,9.38287931801372,39.360126772899285,44.182318709029396,2.4303092338692642,-2.505805819895697,2.1029633979929714,-0.6598041145737237,-0.6025170915607423,0.6025170915607423,1.275927756075952,0.5840449138191233,0.5840449138191233
28,2026-01-02 02:37:34.586000+00:00,2026-01-02 02:37:34.836000+00:00,95.28520078773246,3.53810889390287,28.32930233610459,54.87872760132623,4.5833816514617105,-2.3253561837633505,3.3822583710399807,0.18044963613234666,0.8402537507060703,0.8402537507060703,1.2792949730470093,0.003367216971057241,0.003367216971057241
28,2026-01-02 02:37:34.711000+00:00,2026-01-02 02:37:34.961000+00:00,117.08488956028017,2.7849611308510145,22.02192136075861,52.64740935790763,9.043550778281865,-2.09455208428789,3.5815577772252034,0.23080409947546032,0.050354463343113665,0.050354463343113665,0.19929940618522268,-1.0799955668617867,1.0799955668617867
28,2026-01-02 02:37:34.836000+00:00,2026-01-02 02:37:35.086000+00:00,144.5921858929547,3.295298375037915,17.539191441902847,44.836121101509704,10.006770998482658,-1.9167161069503804,3.0587008015550876,0.17783597733750978,-0.052968122137950546,0.052968122137950546,-0.5228569756701158,-0.7221563818553385,0.7221563818553385
28,2026-01-02 02:37:34.961000+00:00,2026-01-02 02:37:35.211000+00:00,124.29422002413432,4.571543131437608,18.09988515147665,42.50436287972411,10.012297316088857,-1.8995525967081945,2.857071397351754,0.01716351024218588,-0.1606724670953239,0.1606724670953239,-0.20162940420333353,0.32122757146678227,0.32122757146678227
28,2026-01-02 02:37:35.086000+00:00,2026-01-02 02:37:35.336000+00:00,74.79901446528203,5.456863359519479,33.95118341255376,39.72984689465274,12.019767820306665,-1.945061202713082,2.8165791331079193,-0.045508606004887486,-0.06267211624707336,0.06267211624707336,-0.040492264243834786,0.16113713995949874,0.16113713995949874
28,2026-01-02 02:37:35.211000+00:00,2026-01-02 02:37:35.461000+00:00,36.201598797000045,6.00386810088145,45.41953852995649,42.44247540662379,14.303280245333411,-2.0195769433984947,3.248851031626306,-0.07451574068541267,-0.02900713468052518,0.02900713468052518,0.4322718985183869,0.47276416276222166,0.47276416276222166
28,2026-01-02 02:37:35.336000+00:00,2026-01-02 02:37:35.586000+00:00,25.239339293221725,5.5848427319447165,33.798594904308395,51.507948163192914,13.065201581528607,-2.093346103834282,3.8919527237557343,-0.0737691604357873,0.0007465802496253726,0.0007465802496253726,0.6431016921294281,0.21082979361104126,0.21082979361104126
28,2026-01-02 02:37:35.461000+00:00,2026-01-02 02:37:35.711000+00:00,31.468675308398968,6.00036589574811,18.392923687905387,48.475081484336556,9.81823063631581,-2.0701551435976073,3.331015132346798,0.023190960236674663,0.09696012067246194,0.09696012067246194,-0.5609375914089365,-1.2040392835383646,1.2040392835383646
28,2026-01-02 02:37:35.586000+00:00,2026-01-02 02:37:35.836000+00:00,49.191692540694845,9.094037228924034,10.47779764493064,45.58298103488761,7.482752144737734,-2.0567855460451487,2.7380806698575286,0.013369597552458591,-0.009821362684216071,0.009821362684216071,-0.5929344624892692,-0.03199687108033267,0.03199687108033267
28,2026-01-02 02:37:35.711000+00:00,2026-01-02 02:37:35.961000+00:00,57.745660457792596,14.305821020681048,11.032042081420222,54.49732016935991,9.183748180046084,-2.110475897232795,3.4042692242310997,-0.05369035118764609,-0.06705994874010468,0.06705994874010468,0.666188554373571,1.2591230168628402,1.2591230168628402
28,2026-01-02 02:37:35.836000+00:00,2026-01-02 02:37:36.086000+00:00,45.19428941164375,15.794485318652821,27.53408905506123,47.00385219593183,11.78425085542629,-2.0561582965966583,2.997620659278797,0.054317600636136554,0.10800795182378266,0.10800795182378266,-0.40664856495230284,-1.072837119325874,1.072837119325874
28,2026-01-02 02:37:35.961000+00:00,2026-01-02 02:37:36.211000+00:00,28.396543036497693,9.55998995649733,47.65821848874995,25.98000171130242,7.592689020568551,-2.1185044771177686,1.1166818326693606,-0.06234618052111029,-0.11666378115724685,0.11666378115724685,-1.8809388266094362,-1.4742902616571334,1.4742902616571334
28,2026-01-02 02:37:36.086000+00:00,2026-01-02 02:37:36.336000+00:00,30.935516685089176,3.110244177794735,43.48418772769031,16.05442347955166,3.180918013376674,-2.2922455785561833,0.13583051286828646,-0.1737411014384147,-0.1113949209173044,0.1113949209173044,-0.9808513198010742,0.900087506808362,0.900087506808362
28,2026-01-02 02:37:36.211000+00:00,2026-01-02 02:37:36.461000+00:00,58.81665514768419,2.757047418707904,36.61804704776202,12.706198967547474,2.9952640701313835,-0.00776907032716199,0.32747065538745124,2.2844765082290213,2.458217609667436,2.458217609667436,0.19164014251916478,1.172491462320239,1.172491462320239
29,2026-01-02 02:37:41.030500+00:00,2026-01-02 02:37:41.280500+00:00,13.351610815998868,5.611299946460155,73.96214039760221,44.22170545982664,20.01671470936477,-2.0506707631922,3.9494215428420056,-2.042901692865038,1.9558071060855273,1.9558071060855273,3.6219508874545543,3.4303107449353893,3.4303107449353893
29,2026-01-02 02:37:41.155500+00:00,2026-01-02 02:37:41.405500+00:00,23.59831159133126,11.964116628659227,44.18234387600653,31.26210023835335,43.12969232161804,-1.4461558153675853,6.361923049167787,0.6045149478246146,2.647416640689652,2.647416640689652,2.4125015063257815,-1.2094493811287728,1.2094493811287728
29,2026-01-02 02:37:41.280500+00:00,2026-01-02 02:37:41.530500+00:00,30.12512939417498,20.76736010517714,79.06303906019795,35.44341957536362,52.07406557887345,-1.5079224356458083,7.06830168530523,-0.061766620278223,-0.6662815681028376,0.6662815681028376,0.7063786361374431,-1.7061228701883384,1.7061228701883384
29,2026-01-02 02:37:41.405500+00:00,2026-01-02 02:37:41.655500+00:00,28.712229346492123,17.824535577125065,129.66483679103106,50.28157909303311,30.110487760235376,-2.1231345541317244,4.839736021382923,-0.6152121184859161,-0.5534454982076931,0.5534454982076931,-2.228565663922307,-2.93494430005975,2.93494430005975
29,2026-01-02 02:37:41.530500+00:00,2026-01-02 02:37:41.780500+00:00,30.93436417320874,8.120810101840103,104.95004066681022,48.259917858210024,15.692558737158993,-2.385574511913248,3.7972698736000323,-0.2624399577815235,0.35277216070439255,0.35277216070439255,-1.042466147782891,1.186099516139416,1.186099516139416
29,2026-01-02 02:37:41.655500+00:00,2026-01-02 02:37:41.905500+00:00,31.359075486305052,5.645156124740787,42.57435906544148,27.66536623204083,12.049407564128533,-1.8007837233424433,1.9452501341749748,0.5847907885708047,0.8472307463523282,0.8472307463523282,-1.8520197394250575,-0.8095535916421666,0.8095535916421666
29,2026-01-02 02:37:41.780500+00:00,2026-01-02 02:37:42.030500+00:00,20.212053629414577,12.208004731017123,28.5045848053572,13.662958898750885,7.699936391127565,-0.64915320177994,0.7898035942425795,1.1516305215625033,0.5668397329916987,0.5668397329916987,-1.1554465399323952,0.6965731994926623,0.6965731994926623
29,2026-01-02 02:37:41.905500+00:00,2026-01-02 02:37:42.155500+00:00,13.133275748351842,19.1009502468009,46.91293301836654,12.434489171871114,6.820216097667698,0.4423521887606685,0.46873083530764514,1.0915053905406085,-0.06012513102189487,0.06012513102189487,-0.32107275893493437,0.8343737809974608,0.8343737809974608
29,2026-01-02 02:37:42.030500+00:00,2026-01-02 02:37:42.280500+00:00,16.547653256673648,15.567200792828306,45.76517453763473,23.125481334938794,6.590124231652554,-2.2268839866475614,0.5808654763600382,-2.66923617540823,2.5224437412307483,2.5224437412307483,0.11213464105239301,0.4332073999873274,0.4332073999873274
29,2026-01-02 02:37:42.155500+00:00,2026-01-02 02:37:42.405500+00:00,14.058235061776184,7.226043830849052,27.798033512201584,41.55415440372767,9.157510884704063,-2.093805674708216,2.6681262529920637,0.13307831193934527,2.802314487347575,2.802314487347575,2.0872607766320255,1.9751261355796323,1.9751261355796323
29,2026-01-02 02:37:42.280500+00:00,2026-01-02 02:37:42.530500+00:00,5.4359247393677546,4.130326114552805,28.92149170603775,43.04891597021078,10.815295113156917,-2.0564618305150684,3.086778652320632,0.03734384419314773,-0.09573446774619754,0.09573446774619754,0.41865239932856824,-1.6686083773034572,1.6686083773034572
29,2026-01-02 02:37:42.405500+00:00,2026-01-02 02:37:42.655500+00:00,4.507807283519588,4.537909458928667,60.82235840654314,40.42911158979097,9.07610637678077,-2.343150798369641,2.6972597253547645,-0.28668896785457276,-0.32403281204772044,0.32403281204772044,-0.38951892696586743,-0.8081713262944357,0.8081713262944357
29,2026-01-02 02:37:42.530500+00:00,2026-01-02 02:37:42.780500+00:00,13.86531279082521,5.642765599216914,91.77964277920634,44.84431499786102,10.132317579432357,-2.5209246499492175,3.2389227060744266,-0.17777385157957637,0.10891511627499639,0.10891511627499639,0.541662980719662,0.9311819076855294,0.9311819076855294
29,2026-01-02 02:37:42.655500+00:00,2026-01-02 02:37:42.905500+00:00,21.370735886962027,5.810850479804623,90.70654335753474,40.33099673020185,11.021655212630492,-2.466570298056769,2.8616398487789017,0.05435435189244853,0.2321282034720249,0.2321282034720249,-0.3772828572955249,-0.9189458380151869,0.9189458380151869
29,2026-01-02 02:37:42.780500+00:00,2026-01-02 02:37:43.030500+00:00,16.97023443829467,6.7780831818537735,68.07662405654261,50.583127843027725,14.277294171504025,-2.244086637767274,3.8743529918379322,0.22248366028949504,0.1681293083970465,0.1681293083970465,1.0127131430590306,1.3899960003545555,1.3899960003545555
